Well,Omit,Sample,Target,Task,Dyes,Cq,Cq Conf,Amp Score,Amp Status,Annotated,Baseline Start,Baseline End,,,,,,
A1,FALSE,Bv_1_T0,Bv_1_T0,Unknown,SYBR,Undetermined,0,,No Amp,FALSE,0,0,,,,,,
A2,FALSE,Bv_2_T0,Bv_2_T0,Unknown,SYBR,Undetermined,0,,No Amp,FALSE,0,0,,,,,,
A3,FALSE,Bv_3_T0,Bv_3_T0,Unknown,SYBR,Undetermined,0,,No Amp,FALSE,0,0,,,,,,
A4,FALSE,Bd_1_T0,Bd_1_T0,Unknown,SYBR,Undetermined,0,,No Amp,FALSE,0,0,,,,,,
A5,FALSE,Bd_2_T0,Bd_2_T0,Unknown,SYBR,Undetermined,0,,No Amp,FALSE,0,0,,,,,,
A6,FALSE,Bd_3_T0,Bd_3_T0,Unknown,SYBR,Undetermined,0,,No Amp,FALSE,0,0,,,,,,
A7,FALSE,Bv+P_1_T0,Bv+P_1_T0,Unknown,SYBR,28.011812,0.9830373077245490,,Amp,FALSE,0,0,,,,,,
A8,FALSE,Bv+P_2_T0,Bv+P_2_T0,Unknown,SYBR,28.294855,0.9860251421982860,,Amp,FALSE,0,0,,,,,,
A9,FALSE,Bv+P_3_T0,Bv+P_3_T0,Unknown,SYBR,27.722633,0.9900459000539040,,Amp,FALSE,0,0,,,,,,
A10,FALSE,Bd+P_1_T0,Bd+P_1_T0,Unknown,SYBR,27.567192,0.9908074888696,,Amp,FALSE,0,0,,,,,,
A11,FALSE,Bd+P_2_T0,Bd+P_2_T0,Unknown,SYBR,27.25995,0.990524618974503,,Amp,FALSE,0,0,,,,,,
A12,FALSE,Bd+P_3_T0,Bd+P_3_T0,Unknown,SYBR,27.768343,0.9272618283540190,,Amp,FALSE,0,0,,,,,,
A13,FALSE,Bv_1_T12,Bv_1_T12,Unknown,SYBR,Undetermined,0,,No Amp,FALSE,0,0,,,,,,
A14,FALSE,Bv_2_T12,Bv_2_T12,Unknown,SYBR,Undetermined,0,,No Amp,FALSE,0,0,,,,,,
A15,FALSE,Bv_3_T12,Bv_3_T12,Unknown,SYBR,Undetermined,0,,No Amp,FALSE,0,0,,,,,,
A16,FALSE,Bd_1_T12,Bd_1_T12,Unknown,SYBR,Undetermined,0,,No Amp,FALSE,0,0,,,,,,
A17,FALSE,Bd_2_T12,Bd_2_T12,Unknown,SYBR,Undetermined,0,,No Amp,FALSE,0,0,,,,,,
A18,FALSE,Bd_3_T12,Bd_3_T12,Unknown,SYBR,Undetermined,0,,No Amp,FALSE,0,0,,,,,,
A19,FALSE,Bv+P_1_T12,Bv+P_1_T12,Unknown,SYBR,25.96517,0.6974971582688520,,Amp,FALSE,0,0,,,,,,
A20,FALSE,Bv+P_2_T12,Bv+P_2_T12,Unknown,SYBR,26.559494,0.8784087608378380,,Amp,FALSE,0,0,,,,,,
A21,FALSE,Bv+P_3_T12,Bv+P_3_T12,Unknown,SYBR,27.562973,0.9330508104200720,,Amp,FALSE,0,0,,,,,,
A22,FALSE,Bd+P_1_T12,Bd+P_1_T12,Unknown,SYBR,27.135532,0.94192730996939,,Amp,FALSE,0,0,,,,,,
A23,FALSE,Bd+P_2_T12,Bd+P_2_T12,Unknown,SYBR,27.356518,0.9289469939530520,,Amp,FALSE,0,0,,,,,,
A24,FALSE,Bd+P_3_T12,Bd+P_3_T12,Unknown,SYBR,28.164837,0.9039301150495430,,Amp,FALSE,0,0,,,,,,
B1,FALSE,Bv_1_T0,Bv_1_T0,Unknown,SYBR,Undetermined,0,,No Amp,FALSE,0,0,,,,,,
B2,FALSE,Bv_2_T0,Bv_2_T0,Unknown,SYBR,Undetermined,0,,No Amp,FALSE,0,0,,,,,,
B3,FALSE,Bv_3_T0,Bv_3_T0,Unknown,SYBR,Undetermined,0,,No Amp,FALSE,0,0,,,,,,
B4,FALSE,Bd_1_T0,Bd_1_T0,Unknown,SYBR,Undetermined,0,,No Amp,FALSE,0,0,,,,,,
B5,FALSE,Bd_2_T0,Bd_2_T0,Unknown,SYBR,Undetermined,0,,No Amp,FALSE,0,0,,,,,,
B6,FALSE,Bd_3_T0,Bd_3_T0,Unknown,SYBR,Undetermined,0,,No Amp,FALSE,0,0,,,,,,
B7,FALSE,Bv+P_1_T0,Bv+P_1_T0,Unknown,SYBR,27.791132,0.9813636037384640,,Amp,FALSE,0,0,,,,,,
B8,FALSE,Bv+P_2_T0,Bv+P_2_T0,Unknown,SYBR,27.808086,0.9888619264930780,,Amp,FALSE,0,0,,,,,,
B9,FALSE,Bv+P_3_T0,Bv+P_3_T0,Unknown,SYBR,27.655798,0.9908231677980140,,Amp,FALSE,0,0,,,,,,
B10,FALSE,Bd+P_1_T0,Bd+P_1_T0,Unknown,SYBR,27.797514,0.9866963002714280,,Amp,FALSE,0,0,,,,,,
B11,FALSE,Bd+P_2_T0,Bd+P_2_T0,Unknown,SYBR,27.921806,0.9908567068931330,,Amp,FALSE,0,0,,,,,,
B12,FALSE,Bd+P_3_T0,Bd+P_3_T0,Unknown,SYBR,27.14969,0.992422640467743,,Amp,FALSE,0,0,,,,,,
B13,FALSE,Bv_1_T12,Bv_1_T12,Unknown,SYBR,Undetermined,0,,No Amp,FALSE,0,0,,,,,,
B14,FALSE,Bv_2_T12,Bv_2_T12,Unknown,SYBR,Undetermined,0,,No Amp,FALSE,0,0,,,,,,
B15,FALSE,Bv_3_T12,Bv_3_T12,Unknown,SYBR,Undetermined,0,,No Amp,FALSE,0,0,,,,,,
B16,FALSE,Bd_1_T12,Bd_1_T12,Unknown,SYBR,Undetermined,0,,No Amp,FALSE,0,0,,,,,,
B17,FALSE,Bd_2_T12,Bd_2_T12,Unknown,SYBR,Undetermined,0,,No Amp,FALSE,0,0,,,,,,
B18,FALSE,Bd_3_T12,Bd_3_T12,Unknown,SYBR,Undetermined,0,,No Amp,FALSE,0,0,,,,,,
B19,FALSE,Bv+P_1_T12,Bv+P_1_T12,Unknown,SYBR,26.869247,0.9575306010378770,,Amp,FALSE,0,0,,,,,,
B20,FALSE,Bv+P_2_T12,Bv+P_2_T12,Unknown,SYBR,27.31263,0.9548671355048690,,Amp,FALSE,0,0,,,,,,
B21,FALSE,Bv+P_3_T12,Bv+P_3_T12,Unknown,SYBR,26.682339,0.831008284536282,,Amp,FALSE,0,0,,,,,,
B22,FALSE,Bd+P_1_T12,Bd+P_1_T12,Unknown,SYBR,25.143875,0.47382459140720500,,Amp,FALSE,0,0,,,,,,
B23,FALSE,Bd+P_2_T12,Bd+P_2_T12,Unknown,SYBR,25.583916,0.5157435613443380,,Amp,FALSE,0,0,,,,,,
B24,FALSE,Bd+P_3_T12,Bd+P_3_T12,Unknown,SYBR,24.047018,0.21731989548856500,,Amp,FALSE,0,0,,,,,,
C1,FALSE,Bv+P_DNase_1_T0,Bv+P_DNase_1_T0,Unknown,SYBR,30.171284,0.9065034517934480,,Amp,FALSE,0,0,,,,,,
C2,FALSE,Bv+P_DNase_2_T0,Bv+P_DNase_2_T0,Unknown,SYBR,31.415554,0.966304946496772,,Amp,FALSE,0,0,,,,,,
C3,FALSE,Bv+P_DNase_3_T0,Bv+P_DNase_3_T0,Unknown,SYBR,29.35311,0.9819725612435940,,Amp,FALSE,0,0,,,,,,
C4,FALSE,Bd+P_DNase_1_T0,Bd+P_DNase_1_T0,Unknown,SYBR,29.334608,0.9922247292360150,,Amp,FALSE,0,0,,,,,,
C5,FALSE,Bd+P_DNase_2_T0,Bd+P_DNase_2_T0,Unknown,SYBR,29.123196,0.9922485670638510,,Amp,FALSE,0,0,,,,,,
C6,FALSE,Bd+P_DNase_3_T0,Bd+P_DNase_3_T0,Unknown,SYBR,29.291994,0.9926792293825850,,Amp,FALSE,0,0,,,,,,
C7,FALSE,media_1_T0,media_1_T0,Unknown,SYBR,Undetermined,0,,No Amp,FALSE,0,0,,,,,,
C8,FALSE,media_2_T0,media_2_T0,Unknown,SYBR,Undetermined,0,,No Amp,FALSE,0,0,,,,,,
C9,FALSE,media_3_T0,media_3_T0,Unknown,SYBR,Undetermined,0,,No Amp,FALSE,0,0,,,,,,
C10,FALSE,media+P_1_T0,media+P_1_T0,Unknown,SYBR,31.558016,0.9829749586926900,,Amp,FALSE,0,0,,,,,,
C11,FALSE,media+P_2_T0,media+P_2_T0,Unknown,SYBR,32.41932,0.9801686286790250,,Amp,FALSE,0,0,,,,,,
C12,FALSE,media+P_3_T0,media+P_3_T0,Unknown,SYBR,32.962055,0.9185008670866910,,Amp,FALSE,0,0,,,,,,
C13,FALSE,Bv+P_DNase_1_T12,Bv+P_DNase_1_T12,Unknown,SYBR,28.035711,0.4550084309193830,,Amp,FALSE,0,0,,,,,,
C14,FALSE,Bv+P_DNase_2_T12,Bv+P_DNase_2_T12,Unknown,SYBR,27.750744,0.12354898231932200,,Amp,FALSE,0,0,,,,,,
C15,FALSE,Bv+P_DNase_3_T12,Bv+P_DNase_3_T12,Unknown,SYBR,28.158838,0.9028343817811010,,Amp,FALSE,0,0,,,,,,
C16,FALSE,Bd+P_DNase_1_T12,Bd+P_DNase_1_T12,Unknown,SYBR,27.459976,0.36588256453885800,,Amp,FALSE,0,0,,,,,,
C17,FALSE,Bd+P_DNase_2_T12,Bd+P_DNase_2_T12,Unknown,SYBR,27.38468,0.2919921105361140,,Amp,FALSE,0,0,,,,,,
C18,FALSE,Bd+P_DNase_3_T12,Bd+P_DNase_3_T12,Unknown,SYBR,26.1421,0.514770204864707,,Amp,FALSE,0,0,,,,,,
C19,FALSE,media_1_T12,media_1_T12,Unknown,SYBR,Undetermined,0,,No Amp,FALSE,0,0,,,,,,
C20,FALSE,media_2_T12,media_2_T12,Unknown,SYBR,Undetermined,0,,No Amp,FALSE,0,0,,,,,,
C21,FALSE,media_3_T12,media_3_T12,Unknown,SYBR,Undetermined,0,,No Amp,FALSE,0,0,,,,,,
C22,FALSE,media+P_1_T12,media+P_1_T12,Unknown,SYBR,30.814466,0.978440310586235,,Amp,FALSE,0,0,,,,,,
C23,FALSE,media+P_2_T12,media+P_2_T12,Unknown,SYBR,31.329418,0.870832675797079,,Amp,FALSE,0,0,,,,,,
C24,FALSE,media+P_3_T12,media+P_3_T12,Unknown,SYBR,31.936974,0.863210694785188,,Amp,FALSE,0,0,,,,,,
D1,FALSE,Bv+P_DNase_1_T0,Bv+P_DNase_1_T0,Unknown,SYBR,29.672474,0.9828999440628360,,Amp,FALSE,0,0,,,,,,
D2,FALSE,Bv+P_DNase_2_T0,Bv+P_DNase_2_T0,Unknown,SYBR,30.784138,0.9352209210324960,,Amp,FALSE,0,0,,,,,,
D3,FALSE,Bv+P_DNase_3_T0,Bv+P_DNase_3_T0,Unknown,SYBR,29.549625,0.9848317939407200,,Amp,FALSE,0,0,,,,,,
D4,FALSE,Bd+P_DNase_1_T0,Bd+P_DNase_1_T0,Unknown,SYBR,28.78132,0.9931546224529340,,Amp,FALSE,0,0,,,,,,
D5,FALSE,Bd+P_DNase_2_T0,Bd+P_DNase_2_T0,Unknown,SYBR,28.802057,0.9911810552091730,,Amp,FALSE,0,0,,,,,,
D6,FALSE,Bd+P_DNase_3_T0,Bd+P_DNase_3_T0,Unknown,SYBR,29.234997,0.9929577099496700,,Amp,FALSE,0,0,,,,,,
D7,FALSE,media_1_T0,media_1_T0,Unknown,SYBR,Undetermined,0,,No Amp,FALSE,0,0,,,,,,
D8,FALSE,media_2_T0,media_2_T0,Unknown,SYBR,Undetermined,0,,No Amp,FALSE,0,0,,,,,,
D9,FALSE,media_3_T0,media_3_T0,Unknown,SYBR,Undetermined,0,,No Amp,FALSE,0,0,,,,,,
D10,FALSE,media+P_1_T0,media+P_1_T0,Unknown,SYBR,31.544804,0.9092797468258280,,Amp,FALSE,0,0,,,,,,
D11,FALSE,media+P_2_T0,media+P_2_T0,Unknown,SYBR,32.433426,0.8573225362451520,,Amp,FALSE,0,0,,,,,,
D12,FALSE,media+P_3_T0,media+P_3_T0,Unknown,SYBR,32.918476,0.8681882776328380,,Amp,FALSE,0,0,,,,,,
D13,FALSE,Bv+P_DNase_1_T12,Bv+P_DNase_1_T12,Unknown,SYBR,27.89532,0.5754989559515770,,Amp,FALSE,0,0,,,,,,
D14,FALSE,Bv+P_DNase_2_T12,Bv+P_DNase_2_T12,Unknown,SYBR,26.310028,0,,Amp,FALSE,0,0,,,,,,
D15,FALSE,Bv+P_DNase_3_T12,Bv+P_DNase_3_T12,Unknown,SYBR,30.615255,0.9576259905641580,,Amp,FALSE,0,0,,,,,,
D16,FALSE,Bd+P_DNase_1_T12,Bd+P_DNase_1_T12,Unknown,SYBR,26.105673,0.12077947878863400,,Amp,FALSE,0,0,,,,,,
D17,FALSE,Bd+P_DNase_2_T12,Bd+P_DNase_2_T12,Unknown,SYBR,26.152681,0.18570039190773400,,Amp,FALSE,0,0,,,,,,
D18,FALSE,Bd+P_DNase_3_T12,Bd+P_DNase_3_T12,Unknown,SYBR,24.859522,0.15513232878898800,,Amp,FALSE,0,0,,,,,,
D19,FALSE,media_1_T12,media_1_T12,Unknown,SYBR,Undetermined,0,,No Amp,FALSE,0,0,,,,,,
D20,FALSE,media_2_T12,media_2_T12,Unknown,SYBR,Undetermined,0,,No Amp,FALSE,0,0,,,,,,
D21,FALSE,media_3_T12,media_3_T12,Unknown,SYBR,Undetermined,0,,No Amp,FALSE,0,0,,,,,,
D22,FALSE,media+P_1_T12,media+P_1_T12,Unknown,SYBR,30.793327,0.9731693201891000,,Amp,FALSE,0,0,,,,,,
D23,FALSE,media+P_2_T12,media+P_2_T12,Unknown,SYBR,29.931597,0.9852458628018270,,Amp,FALSE,0,0,,,,,,
D24,FALSE,media+P_3_T12,media+P_3_T12,Unknown,SYBR,31.635336,0.9204261248064050,,Amp,FALSE,0,0,,,,,,
E1,FALSE,media+P_DNase_1_T0,media+P_DNase_1_T0,Unknown,SYBR,33.73426,0.9187817438636160,,Amp,FALSE,0,0,,,,,,
E2,FALSE,media+P_DNase_2_T0,media+P_DNase_2_T0,Unknown,SYBR,34.756042,0.9639701962456600,,Amp,FALSE,0,0,,,,,,
E3,FALSE,media+P_DNase_3_T0,media+P_DNase_3_T0,Unknown,SYBR,34.754044,0.8166375581219160,,Amp,FALSE,0,0,,,,,,
E4,FALSE,Bv_sup_v_pel_1_T0,Bv_sup_v_pel_1_T0,Unknown,SYBR,Undetermined,0,,No Amp,FALSE,0,0,,,,,,
E5,FALSE,Bv_sup_v_pel_2_T0,Bv_sup_v_pel_2_T0,Unknown,SYBR,Undetermined,0,,No Amp,FALSE,0,0,,,,,,
E6,FALSE,Bv_sup_v_pel_3_T0,Bv_sup_v_pel_3_T0,Unknown,SYBR,Undetermined,0,,No Amp,FALSE,0,0,,,,,,
E7,FALSE,Bv+P_sup_v_pel_1_T0,Bv+P_sup_v_pel_1_T0,Unknown,SYBR,28.221392,0.9858284675245630,,Amp,FALSE,0,0,,,,,,
E8,FALSE,Bv+P_sup_v_pel_2_T0,Bv+P_sup_v_pel_2_T0,Unknown,SYBR,28.075912,0.9888797244775040,,Amp,FALSE,0,0,,,,,,
E9,FALSE,Bv+P_sup_v_pel_3_T0,Bv+P_sup_v_pel_3_T0,Unknown,SYBR,27.75485,0.9909940700696560,,Amp,FALSE,0,0,,,,,,
E10,FALSE,Bd_sup_v_pel_1_T0,Bd_sup_v_pel_1_T0,Unknown,SYBR,Undetermined,0,,No Amp,FALSE,0,0,,,,,,
E11,FALSE,Bd_sup_v_pel_2_T0,Bd_sup_v_pel_2_T0,Unknown,SYBR,Undetermined,0,,No Amp,FALSE,0,0,,,,,,
E12,FALSE,Bd_sup_v_pel_3_T0,Bd_sup_v_pel_3_T0,Unknown,SYBR,Undetermined,0,,No Amp,FALSE,0,0,,,,,,
E13,FALSE,media+P_DNase_1_T12,media+P_DNase_1_T12,Unknown,SYBR,32.963844,0.9810496345466940,,Amp,FALSE,0,0,,,,,,
E14,FALSE,media+P_DNase_2_T12,media+P_DNase_2_T12,Unknown,SYBR,32.37479,0.9836171771185410,,Amp,FALSE,0,0,,,,,,
E15,FALSE,media+P_DNase_3_T12,media+P_DNase_3_T12,Unknown,SYBR,32.91707,0.987757884013699,,Amp,FALSE,0,0,,,,,,
E16,FALSE,Bv_sup_v_pel_1_T12,Bv_sup_v_pel_1_T12,Unknown,SYBR,Undetermined,0,,No Amp,FALSE,0,0,,,,,,
E17,FALSE,Bv_sup_v_pel_2_T12,Bv_sup_v_pel_2_T12,Unknown,SYBR,Undetermined,0,,No Amp,FALSE,0,0,,,,,,
E18,FALSE,Bv_sup_v_pel_3_T12,Bv_sup_v_pel_3_T12,Unknown,SYBR,Undetermined,0,,No Amp,FALSE,0,0,,,,,,
E19,FALSE,Bv+P_sup_v_pel_1_T12,Bv+P_sup_v_pel_1_T12,Unknown,SYBR,25.221746,0.526909409981028,,Amp,FALSE,0,0,,,,,,
E20,FALSE,Bv+P_sup_v_pel_2_T12,Bv+P_sup_v_pel_2_T12,Unknown,SYBR,25.797905,0.6737161771960790,,Amp,FALSE,0,0,,,,,,
E21,FALSE,Bv+P_sup_v_pel_3_T12,Bv+P_sup_v_pel_3_T12,Unknown,SYBR,23.057829,0,,Amp,FALSE,0,0,,,,,,
E22,FALSE,Bd_sup_v_pel_1_T12,Bd_sup_v_pel_1_T12,Unknown,SYBR,Undetermined,0,,No Amp,FALSE,0,0,,,,,,
E23,FALSE,Bd_sup_v_pel_2_T12,Bd_sup_v_pel_2_T12,Unknown,SYBR,Undetermined,0,,No Amp,FALSE,0,0,,,,,,
E24,FALSE,Bd_sup_v_pel_3_T12,Bd_sup_v_pel_3_T12,Unknown,SYBR,Undetermined,0,,No Amp,FALSE,0,0,,,,,,
F1,FALSE,media+P_DNase_1_T0,media+P_DNase_1_T0,Unknown,SYBR,33.528652,0.9740158473845090,,Amp,FALSE,0,0,,,,,,
F2,FALSE,media+P_DNase_2_T0,media+P_DNase_2_T0,Unknown,SYBR,34.978905,0.838785638886373,,Amp,FALSE,0,0,,,,,,
F3,FALSE,media+P_DNase_3_T0,media+P_DNase_3_T0,Unknown,SYBR,34.172253,0.9572720256144330,,Amp,FALSE,0,0,,,,,,
F4,FALSE,Bv_sup_v_pel_1_T0,Bv_sup_v_pel_1_T0,Unknown,SYBR,Undetermined,0,,No Amp,FALSE,0,0,,,,,,
F5,FALSE,Bv_sup_v_pel_2_T0,Bv_sup_v_pel_2_T0,Unknown,SYBR,Undetermined,0,,No Amp,FALSE,0,0,,,,,,
F6,FALSE,Bv_sup_v_pel_3_T0,Bv_sup_v_pel_3_T0,Unknown,SYBR,Undetermined,0,,No Amp,FALSE,0,0,,,,,,
F7,FALSE,Bv+P_sup_v_pel_1_T0,Bv+P_sup_v_pel_1_T0,Unknown,SYBR,28.331732,0.9866635398311640,,Amp,FALSE,0,0,,,,,,
F8,FALSE,Bv+P_sup_v_pel_2_T0,Bv+P_sup_v_pel_2_T0,Unknown,SYBR,28.68295,0.9890619413749270,,Amp,FALSE,0,0,,,,,,
F9,FALSE,Bv+P_sup_v_pel_3_T0,Bv+P_sup_v_pel_3_T0,Unknown,SYBR,28.077042,0.9887487865251340,,Amp,FALSE,0,0,,,,,,
F10,FALSE,Bd_sup_v_pel_1_T0,Bd_sup_v_pel_1_T0,Unknown,SYBR,Undetermined,0,,No Amp,FALSE,0,0,,,,,,
F11,FALSE,Bd_sup_v_pel_2_T0,Bd_sup_v_pel_2_T0,Unknown,SYBR,Undetermined,0,,No Amp,FALSE,0,0,,,,,,
F12,FALSE,Bd_sup_v_pel_3_T0,Bd_sup_v_pel_3_T0,Unknown,SYBR,Undetermined,0,,No Amp,FALSE,0,0,,,,,,
F13,FALSE,media+P_DNase_1_T12,media+P_DNase_1_T12,Unknown,SYBR,33.314335,0.9707132449406010,,Amp,FALSE,0,0,,,,,,
F14,FALSE,media+P_DNase_2_T12,media+P_DNase_2_T12,Unknown,SYBR,32.3122,0.9811080902558100,,Amp,FALSE,0,0,,,,,,
F15,FALSE,media+P_DNase_3_T12,media+P_DNase_3_T12,Unknown,SYBR,34.427284,0.9737189011694800,,Amp,FALSE,0,0,,,,,,
F16,FALSE,Bv_sup_v_pel_1_T12,Bv_sup_v_pel_1_T12,Unknown,SYBR,Undetermined,0,,No Amp,FALSE,0,0,,,,,,
F17,FALSE,Bv_sup_v_pel_2_T12,Bv_sup_v_pel_2_T12,Unknown,SYBR,Undetermined,0,,No Amp,FALSE,0,0,,,,,,
F18,FALSE,Bv_sup_v_pel_3_T12,Bv_sup_v_pel_3_T12,Unknown,SYBR,Undetermined,0,,No Amp,FALSE,0,0,,,,,,
F19,FALSE,Bv+P_sup_v_pel_1_T12,Bv+P_sup_v_pel_1_T12,Unknown,SYBR,24.70322,0.4403903919752160,,Amp,FALSE,0,0,,,,,,
F20,FALSE,Bv+P_sup_v_pel_2_T12,Bv+P_sup_v_pel_2_T12,Unknown,SYBR,23.23284,0.11594850472580300,,Amp,FALSE,0,0,,,,,,
F21,FALSE,Bv+P_sup_v_pel_3_T12,Bv+P_sup_v_pel_3_T12,Unknown,SYBR,20.135891,0,,Amp,FALSE,0,0,,,,,,
F22,FALSE,Bd_sup_v_pel_1_T12,Bd_sup_v_pel_1_T12,Unknown,SYBR,Undetermined,0,,No Amp,FALSE,0,0,,,,,,
F23,FALSE,Bd_sup_v_pel_2_T12,Bd_sup_v_pel_2_T12,Unknown,SYBR,Undetermined,0,,No Amp,FALSE,0,0,,,,,,
F24,FALSE,Bd_sup_v_pel_3_T12,Bd_sup_v_pel_3_T12,Unknown,SYBR,Undetermined,0,,No Amp,FALSE,0,0,,,,,,
G1,FALSE,Bd+P_sup_v_pel_1_T0,Bd+P_sup_v_pel_1_T0,Unknown,SYBR,27.409206,0.9924553191673310,,Amp,FALSE,0,0,,,,,,
G2,FALSE,Bd+P_sup_v_pel_2_T0,Bd+P_sup_v_pel_2_T0,Unknown,SYBR,27.51576,0.9917010568965840,,Amp,FALSE,0,0,,,,,,
G3,FALSE,Bd+P_sup_v_pel_3_T0,Bd+P_sup_v_pel_3_T0,Unknown,SYBR,27.87166,0.9888387122264120,,Amp,FALSE,0,0,,,,,,
G4,FALSE,std_-2,std_-2,Unknown,SYBR,9.422073,0.9544373729236020,,Amp,FALSE,0,0,,,,,,
G5,FALSE,std_-3,std_-3,Unknown,SYBR,12.508248,0.9560679143702940,,Amp,FALSE,0,0,,,,,,
G6,FALSE,std_-4,std_-4,Unknown,SYBR,16.475163,0.9715725765547130,,Amp,FALSE,0,0,,,,,,
G7,FALSE,std_-5,std_-5,Unknown,SYBR,20.976679,0.9896916148700450,,Amp,FALSE,0,0,,,,,,
G8,FALSE,std_-6,std_-6,Unknown,SYBR,23.955915,0.9860408015712880,,Amp,FALSE,0,0,,,,,,
G9,FALSE,std_-7,std_-7,Unknown,SYBR,28.047882,0.9917356475849120,,Amp,FALSE,0,0,,,,,,
G10,FALSE,std_-8,std_-8,Unknown,SYBR,31.34456,0.9912247652501860,,Amp,FALSE,0,0,,,,,,
G11,FALSE,std_-9,std_-9,Unknown,SYBR,32.88905,0.986811328404001,,Amp,FALSE,0,0,,,,,,
G12,FALSE,std_-10,std_-10,Unknown,SYBR,32.26932,0.9879944879390050,,Amp,FALSE,0,0,,,,,,
G13,FALSE,Bd+P_sup_v_pel_1_T12,Bd+P_sup_v_pel_1_T12,Unknown,SYBR,26.421337,0.7413079667112640,,Amp,FALSE,0,0,,,,,,
G14,FALSE,Bd+P_sup_v_pel_2_T12,Bd+P_sup_v_pel_2_T12,Unknown,SYBR,21.313423,0,,Amp,FALSE,0,0,,,,,,
G15,FALSE,Bd+P_sup_v_pel_3_T12,Bd+P_sup_v_pel_3_T12,Unknown,SYBR,21.283352,0,,Amp,FALSE,0,0,,,,,,
G16,FALSE,0,0,Unknown,SYBR,31.512287,0.9814733845084510,,Amp,FALSE,0,0,,,,,,
G17,FALSE,std_-11,std_-11,Unknown,SYBR,34.17096,0.9814830830416330,,Amp,FALSE,0,0,,,,,,
G18,FALSE,std_-12,std_-12,Unknown,SYBR,31.528954,0.9876908607440720,,Amp,FALSE,0,0,,,,,,
G19,FALSE,water,water,Unknown,SYBR,Undetermined,0,,No Amp,FALSE,0,0,,,,,,
G20,FALSE,0,0,Unknown,SYBR,33.52337,0.0028217605064234800,,No Amp,FALSE,0,0,,,,,,
G21,FALSE,0,0,Unknown,SYBR,Undetermined,0,,No Amp,FALSE,0,0,,,,,,
G22,FALSE,0,0,Unknown,SYBR,Undetermined,0,,No Amp,FALSE,0,0,,,,,,
G23,FALSE,0,0,Unknown,SYBR,11.308185,0,,No Amp,FALSE,0,0,,,,,,
G24,FALSE,0,0,Unknown,SYBR,Undetermined,0,,No Amp,FALSE,0,0,,,,,,
H1,FALSE,Bd+P_sup_v_pel_1_T0,Bd+P_sup_v_pel_1_T0,Unknown,SYBR,27.639696,0.9925540084576380,,Amp,FALSE,0,0,,,,,,
H2,FALSE,Bd+P_sup_v_pel_2_T0,Bd+P_sup_v_pel_2_T0,Unknown,SYBR,27.775675,0.9884695305320290,,Amp,FALSE,0,0,,,,,,
H3,FALSE,Bd+P_sup_v_pel_3_T0,Bd+P_sup_v_pel_3_T0,Unknown,SYBR,27.433647,0.9905349860816920,,Amp,FALSE,0,0,,,,,,
H4,FALSE,std_-2,std_-2,Unknown,SYBR,8.582923,0.9740843898647020,,Amp,FALSE,0,0,,,,,,
H5,FALSE,std_-3,std_-3,Unknown,SYBR,12.403505,0.9840848081207820,,Amp,FALSE,0,0,,,,,,
H6,FALSE,std_-4,std_-4,Unknown,SYBR,16.740402,0.969362968517435,,Amp,FALSE,0,0,,,,,,
H7,FALSE,std_-5,std_-5,Unknown,SYBR,20.283318,0.9923117762404990,,Amp,FALSE,0,0,,,,,,
H8,FALSE,std_-6,std_-6,Unknown,SYBR,22.721054,0.9623402233513210,,Amp,FALSE,0,0,,,,,,
H9,FALSE,std_-7,std_-7,Unknown,SYBR,28.198408,0.9858028894048970,,Amp,FALSE,0,0,,,,,,
H10,FALSE,std_-8,std_-8,Unknown,SYBR,31.349264,0.9913286036048680,,Amp,FALSE,0,0,,,,,,
H11,FALSE,std_-9,std_-9,Unknown,SYBR,32.519684,0.988983625776191,,Amp,FALSE,0,0,,,,,,
H12,FALSE,std_-10,std_-10,Unknown,SYBR,32.25292,0.9886978829631540,,Amp,FALSE,0,0,,,,,,
H13,FALSE,Bd+P_sup_v_pel_1_T12,Bd+P_sup_v_pel_1_T12,Unknown,SYBR,21.504305,0,,Amp,FALSE,0,0,,,,,,
H14,FALSE,Bd+P_sup_v_pel_2_T12,Bd+P_sup_v_pel_2_T12,Unknown,SYBR,23.375076,0.09126390804563650,,Amp,FALSE,0,0,,,,,,
H15,FALSE,Bd+P_sup_v_pel_3_T12,Bd+P_sup_v_pel_3_T12,Unknown,SYBR,21.094496,0,,Amp,FALSE,0,0,,,,,,
H16,FALSE,0,0,Unknown,SYBR,33.09487,0.9897053820863490,,Amp,FALSE,0,0,,,,,,
H17,FALSE,std_-11,std_-11,Unknown,SYBR,32.831726,0.9873020735285160,,Amp,FALSE,0,0,,,,,,
H18,FALSE,std_-12,std_-12,Unknown,SYBR,31.625416,0.9919532274129730,,Amp,FALSE,0,0,,,,,,
H19,FALSE,water,water,Unknown,SYBR,Undetermined,0,,No Amp,FALSE,0,0,,,,,,
H20,FALSE,0,0,Unknown,SYBR,Undetermined,0,,No Amp,FALSE,0,0,,,,,,
H21,FALSE,0,0,Unknown,SYBR,Undetermined,0,,No Amp,FALSE,0,0,,,,,,
H22,FALSE,0,0,Unknown,SYBR,Undetermined,0,,No Amp,FALSE,0,0,,,,,,
H23,FALSE,0,0,Unknown,SYBR,22.295395,0.19629407058784500,,No Amp,FALSE,0,0,,,,,,
H24,FALSE,0,0,Unknown,SYBR,Undetermined,0,,No Amp,FALSE,0,0,,,,,,
I1,FALSE,Bv+P_nanopore_1_T0,Bv+P_nanopore_1_T0,Unknown,SYBR,27.810831,0.9882156912551950,,Amp,FALSE,0,0,,,,,,
I2,FALSE,Bv+P_nanopore_2_T0,Bv+P_nanopore_2_T0,Unknown,SYBR,28.009592,0.9847639710357910,,Amp,FALSE,0,0,,,,,,
I3,FALSE,Bv+P_nanopore_3_T0,Bv+P_nanopore_3_T0,Unknown,SYBR,28.81901,0.9811297416709470,,Amp,FALSE,0,0,,,,,,
I4,FALSE,Bv+P_nanopore_4_T0,Bv+P_nanopore_4_T0,Unknown,SYBR,28.171038,0.9798983559107840,,Amp,FALSE,0,0,,,,,,
I5,FALSE,Bv+P_nanopore_5_T0,Bv+P_nanopore_5_T0,Unknown,SYBR,27.822432,0.9850135027365990,,Amp,FALSE,0,0,,,,,,
I6,FALSE,Bv+P_nanopore_6_T0,Bv+P_nanopore_6_T0,Unknown,SYBR,28.399603,0.9841089541785930,,Amp,FALSE,0,0,,,,,,
I7,FALSE,Bv+P_nanopore_7_T0,Bv+P_nanopore_7_T0,Unknown,SYBR,28.274488,0.986175202278882,,Amp,FALSE,0,0,,,,,,
I8,FALSE,Bv+P_nanopore_8_T0,Bv+P_nanopore_8_T0,Unknown,SYBR,28.11018,0.9850158612216330,,Amp,FALSE,0,0,,,,,,
I9,FALSE,Bv+P_nanopore_9_T0,Bv+P_nanopore_9_T0,Unknown,SYBR,27.930487,0.9795727603917740,,Amp,FALSE,0,0,,,,,,
I10,FALSE,Bv+P_nanopore_10_T0,Bv+P_nanopore_10_T0,Unknown,SYBR,28.19296,0.9836022026264430,,Amp,FALSE,0,0,,,,,,
I11,FALSE,Bv+P_nanopore_11_T0,Bv+P_nanopore_11_T0,Unknown,SYBR,27.904781,0.9889832661469470,,Amp,FALSE,0,0,,,,,,
I12,FALSE,Bv+P_nanopore_12_T0,Bv+P_nanopore_12_T0,Unknown,SYBR,27.956161,0.9890166876432510,,Amp,FALSE,0,0,,,,,,
I13,FALSE,Bv+P_nanopore_1_T12,Bv+P_nanopore_1_T12,Unknown,SYBR,24.394537,0.3066336724133860,,Amp,FALSE,0,0,,,,,,
I14,FALSE,Bv+P_nanopore_2_T12,Bv+P_nanopore_2_T12,Unknown,SYBR,24.554548,0.2846005570669880,,Amp,FALSE,0,0,,,,,,
I15,FALSE,Bv+P_nanopore_3_T12,Bv+P_nanopore_3_T12,Unknown,SYBR,22.741661,0,,Amp,FALSE,0,0,,,,,,
I16,FALSE,Bv+P_nanopore_4_T12,Bv+P_nanopore_4_T12,Unknown,SYBR,24.768196,0.33073595169377700,,Amp,FALSE,0,0,,,,,,
I17,FALSE,Bv+P_nanopore_5_T12,Bv+P_nanopore_5_T12,Unknown,SYBR,23.086006,0.038280396147590800,,Amp,FALSE,0,0,,,,,,
I18,FALSE,Bv+P_nanopore_6_T12,Bv+P_nanopore_6_T12,Unknown,SYBR,23.901293,0.04615820613013100,,Amp,FALSE,0,0,,,,,,
I19,FALSE,Bv+P_nanopore_7_T12,Bv+P_nanopore_7_T12,Unknown,SYBR,23.2941,0,,Amp,FALSE,0,0,,,,,,
I20,FALSE,Bv+P_nanopore_8_T12,Bv+P_nanopore_8_T12,Unknown,SYBR,25.789791,0.47988382080859400,,Amp,FALSE,0,0,,,,,,
I21,FALSE,Bv+P_nanopore_9_T12,Bv+P_nanopore_9_T12,Unknown,SYBR,23.924442,0.16686241897012500,,Amp,FALSE,0,0,,,,,,
I22,FALSE,Bv+P_nanopore_10_T12,Bv+P_nanopore_10_T12,Unknown,SYBR,25.87779,0.5637444680037920,,Amp,FALSE,0,0,,,,,,
I23,FALSE,Bv+P_nanopore_11_T12,Bv+P_nanopore_11_T12,Unknown,SYBR,23.7846,0.0724494635748827,,Amp,FALSE,0,0,,,,,,
I24,FALSE,Bv+P_nanopore_12_T12,Bv+P_nanopore_12_T12,Unknown,SYBR,26.395094,0.7738785066835980,,Amp,FALSE,0,0,,,,,,
J1,FALSE,Bv+P_nanopore_1_T0,Bv+P_nanopore_1_T0,Unknown,SYBR,27.955938,0.9825039773395160,,Amp,FALSE,0,0,,,,,,
J2,FALSE,Bv+P_nanopore_2_T0,Bv+P_nanopore_2_T0,Unknown,SYBR,28.11553,0.9832809798475520,,Amp,FALSE,0,0,,,,,,
J3,FALSE,Bv+P_nanopore_3_T0,Bv+P_nanopore_3_T0,Unknown,SYBR,27.883785,0.9801583319989020,,Amp,FALSE,0,0,,,,,,
J4,FALSE,Bv+P_nanopore_4_T0,Bv+P_nanopore_4_T0,Unknown,SYBR,28.528835,0.985969627532277,,Amp,FALSE,0,0,,,,,,
J5,FALSE,Bv+P_nanopore_5_T0,Bv+P_nanopore_5_T0,Unknown,SYBR,27.866434,0.9876326734651370,,Amp,FALSE,0,0,,,,,,
J6,FALSE,Bv+P_nanopore_6_T0,Bv+P_nanopore_6_T0,Unknown,SYBR,28.006056,0.9842764549515020,,Amp,FALSE,0,0,,,,,,
J7,FALSE,Bv+P_nanopore_7_T0,Bv+P_nanopore_7_T0,Unknown,SYBR,28.370209,0.9845432523030450,,Amp,FALSE,0,0,,,,,,
J8,FALSE,Bv+P_nanopore_8_T0,Bv+P_nanopore_8_T0,Unknown,SYBR,28.50041,0.9841618352449100,,Amp,FALSE,0,0,,,,,,
J9,FALSE,Bv+P_nanopore_9_T0,Bv+P_nanopore_9_T0,Unknown,SYBR,28.190086,0.9861672749687230,,Amp,FALSE,0,0,,,,,,
J10,FALSE,Bv+P_nanopore_10_T0,Bv+P_nanopore_10_T0,Unknown,SYBR,27.98842,0.9874975129067330,,Amp,FALSE,0,0,,,,,,
J11,FALSE,Bv+P_nanopore_11_T0,Bv+P_nanopore_11_T0,Unknown,SYBR,28.29145,0.9876466526232340,,Amp,FALSE,0,0,,,,,,
J12,FALSE,Bv+P_nanopore_12_T0,Bv+P_nanopore_12_T0,Unknown,SYBR,28.158361,0.985330572596215,,Amp,FALSE,0,0,,,,,,
J13,FALSE,Bv+P_nanopore_1_T12,Bv+P_nanopore_1_T12,Unknown,SYBR,25.07719,0.388733033383271,,Amp,FALSE,0,0,,,,,,
J14,FALSE,Bv+P_nanopore_2_T12,Bv+P_nanopore_2_T12,Unknown,SYBR,22.520948,0.031674887002803900,,Amp,FALSE,0,0,,,,,,
J15,FALSE,Bv+P_nanopore_3_T12,Bv+P_nanopore_3_T12,Unknown,SYBR,27.60094,0.8985236976237500,,Amp,FALSE,0,0,,,,,,
J16,FALSE,Bv+P_nanopore_4_T12,Bv+P_nanopore_4_T12,Unknown,SYBR,23.788765,0.11150370045166700,,Amp,FALSE,0,0,,,,,,
J17,FALSE,Bv+P_nanopore_5_T12,Bv+P_nanopore_5_T12,Unknown,SYBR,24.489502,0.2675159504487050,,Amp,FALSE,0,0,,,,,,
J18,FALSE,Bv+P_nanopore_6_T12,Bv+P_nanopore_6_T12,Unknown,SYBR,26.452822,0.5542171619496,,Amp,FALSE,0,0,,,,,,
J19,FALSE,Bv+P_nanopore_7_T12,Bv+P_nanopore_7_T12,Unknown,SYBR,25.804016,0.35401665428816400,,Amp,FALSE,0,0,,,,,,
J20,FALSE,Bv+P_nanopore_8_T12,Bv+P_nanopore_8_T12,Unknown,SYBR,25.052986,0.3621935237968210,,Amp,FALSE,0,0,,,,,,
J21,FALSE,Bv+P_nanopore_9_T12,Bv+P_nanopore_9_T12,Unknown,SYBR,24.844223,0.3279093768201530,,Amp,FALSE,0,0,,,,,,
J22,FALSE,Bv+P_nanopore_10_T12,Bv+P_nanopore_10_T12,Unknown,SYBR,23.503542,0.09333980839843920,,Amp,FALSE,0,0,,,,,,
J23,FALSE,Bv+P_nanopore_11_T12,Bv+P_nanopore_11_T12,Unknown,SYBR,26.772928,0.9149825367693110,,Amp,FALSE,0,0,,,,,,
J24,FALSE,Bv+P_nanopore_12_T12,Bv+P_nanopore_12_T12,Unknown,SYBR,25.378801,0.5435764887061290,,Amp,FALSE,0,0,,,,,,
K1,FALSE,Bv+P_nanopore_13_T0,Bv+P_nanopore_13_T0,Unknown,SYBR,27.790154,0.9868898024722230,,Amp,FALSE,0,0,,,,,,
K2,FALSE,Bv+P_nanopore_14_T0,Bv+P_nanopore_14_T0,Unknown,SYBR,28.37554,0.975904831344185,,Amp,FALSE,0,0,,,,,,
K3,FALSE,Bv+P_nanopore_15_T0,Bv+P_nanopore_15_T0,Unknown,SYBR,28.26821,0.985463140000076,,Amp,FALSE,0,0,,,,,,
K4,FALSE,Bv+P_nanopore_16_T0,Bv+P_nanopore_16_T0,Unknown,SYBR,28.083708,0.9758151634739850,,Amp,FALSE,0,0,,,,,,
K5,FALSE,Bv+P_nanopore_17_T0,Bv+P_nanopore_17_T0,Unknown,SYBR,28.074837,0.9867473772909220,,Amp,FALSE,0,0,,,,,,
K6,FALSE,Bv+P_nanopore_18_T0,Bv+P_nanopore_18_T0,Unknown,SYBR,28.029284,0.9848766597273130,,Amp,FALSE,0,0,,,,,,
K7,FALSE,Bv+P_nanopore_19_T0,Bv+P_nanopore_19_T0,Unknown,SYBR,27.671627,0.9907645345410290,,Amp,FALSE,0,0,,,,,,
K8,FALSE,Bv+P_nanopore_20_T0,Bv+P_nanopore_20_T0,Unknown,SYBR,28.245554,0.9824954590071080,,Amp,FALSE,0,0,,,,,,
K9,FALSE,Bv+P_nanopore_21_T0,Bv+P_nanopore_21_T0,Unknown,SYBR,28.23769,0.9784546927855210,,Amp,FALSE,0,0,,,,,,
K10,FALSE,Bv+P_nanopore_22_T0,Bv+P_nanopore_22_T0,Unknown,SYBR,28.383472,0.9861425070893500,,Amp,FALSE,0,0,,,,,,
K11,FALSE,Bv+P_nanopore_23_T0,Bv+P_nanopore_23_T0,Unknown,SYBR,28.415455,0.9831971876438090,,Amp,FALSE,0,0,,,,,,
K12,FALSE,Bv+P_nanopore_24_T0,Bv+P_nanopore_24_T0,Unknown,SYBR,28.095242,0.9859428783796050,,Amp,FALSE,0,0,,,,,,
K13,FALSE,Bv+P_nanopore_13_T12,Bv+P_nanopore_13_T12,Unknown,SYBR,25.326778,0.5723535128391280,,Amp,FALSE,0,0,,,,,,
K14,FALSE,Bv+P_nanopore_14_T12,Bv+P_nanopore_14_T12,Unknown,SYBR,24.30982,0.1547133634145460,,Amp,FALSE,0,0,,,,,,
K15,FALSE,Bv+P_nanopore_15_T12,Bv+P_nanopore_15_T12,Unknown,SYBR,22.838785,0,,Amp,FALSE,0,0,,,,,,
K16,FALSE,Bv+P_nanopore_16_T12,Bv+P_nanopore_16_T12,Unknown,SYBR,24.896927,0.3983615460413660,,Amp,FALSE,0,0,,,,,,
K17,FALSE,Bv+P_nanopore_17_T12,Bv+P_nanopore_17_T12,Unknown,SYBR,24.429678,0.19676789983357400,,Amp,FALSE,0,0,,,,,,
K18,FALSE,Bv+P_nanopore_18_T12,Bv+P_nanopore_18_T12,Unknown,SYBR,22.752665,0,,Amp,FALSE,0,0,,,,,,
K19,FALSE,Bv+P_nanopore_19_T12,Bv+P_nanopore_19_T12,Unknown,SYBR,24.855947,0.4184548167722160,,Amp,FALSE,0,0,,,,,,
K20,FALSE,Bv+P_nanopore_20_T12,Bv+P_nanopore_20_T12,Unknown,SYBR,25.676014,0.6210900346266810,,Amp,FALSE,0,0,,,,,,
K21,FALSE,Bv+P_nanopore_21_T12,Bv+P_nanopore_21_T12,Unknown,SYBR,25.302292,0.45604759962250200,,Amp,FALSE,0,0,,,,,,
K22,FALSE,Bv+P_nanopore_22_T12,Bv+P_nanopore_22_T12,Unknown,SYBR,22.359993,0,,Amp,FALSE,0,0,,,,,,
K23,FALSE,Bv+P_nanopore_23_T12,Bv+P_nanopore_23_T12,Unknown,SYBR,25.199444,0.4358776254740650,,Amp,FALSE,0,0,,,,,,
K24,FALSE,Bv+P_nanopore_24_T12,Bv+P_nanopore_24_T12,Unknown,SYBR,22.951944,0,,Amp,FALSE,0,0,,,,,,
L1,FALSE,Bv+P_nanopore_13_T0,Bv+P_nanopore_13_T0,Unknown,SYBR,27.609419,0.988276296514243,,Amp,FALSE,0,0,,,,,,
L2,FALSE,Bv+P_nanopore_14_T0,Bv+P_nanopore_14_T0,Unknown,SYBR,31.229149,0.965644877331593,,Amp,FALSE,0,0,,,,,,
L3,FALSE,Bv+P_nanopore_15_T0,Bv+P_nanopore_15_T0,Unknown,SYBR,28.233423,0.9790636236945100,,Amp,FALSE,0,0,,,,,,
L4,FALSE,Bv+P_nanopore_16_T0,Bv+P_nanopore_16_T0,Unknown,SYBR,28.197802,0.9845688667929920,,Amp,FALSE,0,0,,,,,,
L5,FALSE,Bv+P_nanopore_17_T0,Bv+P_nanopore_17_T0,Unknown,SYBR,28.108774,0.9869783234700170,,Amp,FALSE,0,0,,,,,,
L6,FALSE,Bv+P_nanopore_18_T0,Bv+P_nanopore_18_T0,Unknown,SYBR,28.055172,0.9854358357930900,,Amp,FALSE,0,0,,,,,,
L7,FALSE,Bv+P_nanopore_19_T0,Bv+P_nanopore_19_T0,Unknown,SYBR,28.097198,0.9830895671778080,,Amp,FALSE,0,0,,,,,,
L8,FALSE,Bv+P_nanopore_20_T0,Bv+P_nanopore_20_T0,Unknown,SYBR,28.1554,0.9925175413398010,,Amp,FALSE,0,0,,,,,,
L9,FALSE,Bv+P_nanopore_21_T0,Bv+P_nanopore_21_T0,Unknown,SYBR,28.096117,0.9858381072788380,,Amp,FALSE,0,0,,,,,,
L10,FALSE,Bv+P_nanopore_22_T0,Bv+P_nanopore_22_T0,Unknown,SYBR,28.108511,0.9867756836052840,,Amp,FALSE,0,0,,,,,,
L11,FALSE,Bv+P_nanopore_23_T0,Bv+P_nanopore_23_T0,Unknown,SYBR,27.989891,0.9872172739794170,,Amp,FALSE,0,0,,,,,,
L12,FALSE,Bv+P_nanopore_24_T0,Bv+P_nanopore_24_T0,Unknown,SYBR,28.329872,0.9823699802994650,,Amp,FALSE,0,0,,,,,,
L13,FALSE,Bv+P_nanopore_13_T12,Bv+P_nanopore_13_T12,Unknown,SYBR,26.148764,0.7560866312162620,,Amp,FALSE,0,0,,,,,,
L14,FALSE,Bv+P_nanopore_14_T12,Bv+P_nanopore_14_T12,Unknown,SYBR,19.918154,0,,Amp,FALSE,0,0,,,,,,
L15,FALSE,Bv+P_nanopore_15_T12,Bv+P_nanopore_15_T12,Unknown,SYBR,20.521322,0,,Amp,FALSE,0,0,,,,,,
L16,FALSE,Bv+P_nanopore_16_T12,Bv+P_nanopore_16_T12,Unknown,SYBR,27.340973,0.9415308580710430,,Amp,FALSE,0,0,,,,,,
L17,FALSE,Bv+P_nanopore_17_T12,Bv+P_nanopore_17_T12,Unknown,SYBR,23.337744,0.07675281913788800,,Amp,FALSE,0,0,,,,,,
L18,FALSE,Bv+P_nanopore_18_T12,Bv+P_nanopore_18_T12,Unknown,SYBR,19.655771,0,,Amp,FALSE,0,0,,,,,,
L19,FALSE,Bv+P_nanopore_19_T12,Bv+P_nanopore_19_T12,Unknown,SYBR,24.639378,0.3170004649827180,,Amp,FALSE,0,0,,,,,,
L20,FALSE,Bv+P_nanopore_20_T12,Bv+P_nanopore_20_T12,Unknown,SYBR,24.589417,0.2992410441772760,,Amp,FALSE,0,0,,,,,,
L21,FALSE,Bv+P_nanopore_21_T12,Bv+P_nanopore_21_T12,Unknown,SYBR,25.54541,0.5851862256968190,,Amp,FALSE,0,0,,,,,,
L22,FALSE,Bv+P_nanopore_22_T12,Bv+P_nanopore_22_T12,Unknown,SYBR,20.76346,0,,Amp,FALSE,0,0,,,,,,
L23,FALSE,Bv+P_nanopore_23_T12,Bv+P_nanopore_23_T12,Unknown,SYBR,26.331099,0.809038513067655,,Amp,FALSE,0,0,,,,,,
L24,FALSE,Bv+P_nanopore_24_T12,Bv+P_nanopore_24_T12,Unknown,SYBR,21.324821,0,,Amp,FALSE,0,0,,,,,,
M1,FALSE,Bd+P_nanopore_1_T0,Bd+P_nanopore_1_T0,Unknown,SYBR,28.123514,0.9871844110330440,,Amp,FALSE,0,0,,,,,,
M2,FALSE,Bd+P_nanopore_2_T0,Bd+P_nanopore_2_T0,Unknown,SYBR,27.518103,0.9890246389864990,,Amp,FALSE,0,0,,,,,,
M3,FALSE,Bd+P_nanopore_3_T0,Bd+P_nanopore_3_T0,Unknown,SYBR,27.710457,0.9901685091046730,,Amp,FALSE,0,0,,,,,,
M4,FALSE,Bd+P_nanopore_4_T0,Bd+P_nanopore_4_T0,Unknown,SYBR,27.93747,0.9926018128037880,,Amp,FALSE,0,0,,,,,,
M5,FALSE,Bd+P_nanopore_5_T0,Bd+P_nanopore_5_T0,Unknown,SYBR,27.600769,0.9925859260048,,Amp,FALSE,0,0,,,,,,
M6,FALSE,Bd+P_nanopore_6_T0,Bd+P_nanopore_6_T0,Unknown,SYBR,27.837667,0.9883507235646100,,Amp,FALSE,0,0,,,,,,
M7,FALSE,Bd+P_nanopore_7_T0,Bd+P_nanopore_7_T0,Unknown,SYBR,27.476746,0.9940265459493600,,Amp,FALSE,0,0,,,,,,
M8,FALSE,Bd+P_nanopore_8_T0,Bd+P_nanopore_8_T0,Unknown,SYBR,27.92052,0.9946378329488030,,Amp,FALSE,0,0,,,,,,
M9,FALSE,Bd+P_nanopore_9_T0,Bd+P_nanopore_9_T0,Unknown,SYBR,28.664444,0.9492078345350400,,Amp,FALSE,0,0,,,,,,
M10,FALSE,Bd+P_nanopore_10_T0,Bd+P_nanopore_10_T0,Unknown,SYBR,27.69333,0.9921019697213390,,Amp,FALSE,0,0,,,,,,
M11,FALSE,Bd+P_nanopore_11_T0,Bd+P_nanopore_11_T0,Unknown,SYBR,27.716839,0.9893218248204430,,Amp,FALSE,0,0,,,,,,
M12,FALSE,Bd+P_nanopore_12_T0,Bd+P_nanopore_12_T0,Unknown,SYBR,27.944567,0.9908230180900490,,Amp,FALSE,0,0,,,,,,
M13,FALSE,Bd+P_nanopore_1_T12,Bd+P_nanopore_1_T12,Unknown,SYBR,23.811308,0.2278749556281630,,Amp,FALSE,0,0,,,,,,
M14,FALSE,Bd+P_nanopore_2_T12,Bd+P_nanopore_2_T12,Unknown,SYBR,22.479805,0.030474126706123400,,Amp,FALSE,0,0,,,,,,
M15,FALSE,Bd+P_nanopore_3_T12,Bd+P_nanopore_3_T12,Unknown,SYBR,22.10743,0,,Amp,FALSE,0,0,,,,,,
M16,FALSE,Bd+P_nanopore_4_T12,Bd+P_nanopore_4_T12,Unknown,SYBR,23.579819,0.15627919830238300,,Amp,FALSE,0,0,,,,,,
M17,FALSE,Bd+P_nanopore_5_T12,Bd+P_nanopore_5_T12,Unknown,SYBR,24.531528,0.3391058127777320,,Amp,FALSE,0,0,,,,,,
M18,FALSE,Bd+P_nanopore_6_T12,Bd+P_nanopore_6_T12,Unknown,SYBR,23.715534,0.1662420585018460,,Amp,FALSE,0,0,,,,,,
M19,FALSE,Bd+P_nanopore_7_T12,Bd+P_nanopore_7_T12,Unknown,SYBR,22.38952,0.007014109783254410,,Amp,FALSE,0,0,,,,,,
M20,FALSE,Bd+P_nanopore_8_T12,Bd+P_nanopore_8_T12,Unknown,SYBR,26.463085,0.7990608958327890,,Amp,FALSE,0,0,,,,,,
M21,FALSE,Bd+P_nanopore_9_T12,Bd+P_nanopore_9_T12,Unknown,SYBR,19.975836,0,,Amp,FALSE,0,0,,,,,,
M22,FALSE,Bd+P_nanopore_10_T12,Bd+P_nanopore_10_T12,Unknown,SYBR,22.120886,0,,Amp,FALSE,0,0,,,,,,
M23,FALSE,Bd+P_nanopore_11_T12,Bd+P_nanopore_11_T12,Unknown,SYBR,24.992249,0.3963796021769150,,Amp,FALSE,0,0,,,,,,
M24,FALSE,Bd+P_nanopore_12_T12,Bd+P_nanopore_12_T12,Unknown,SYBR,22.74477,0.03235454579581120,,Amp,FALSE,0,0,,,,,,
N1,FALSE,Bd+P_nanopore_1_T0,Bd+P_nanopore_1_T0,Unknown,SYBR,28.056557,0.9926384839052260,,Amp,FALSE,0,0,,,,,,
N2,FALSE,Bd+P_nanopore_2_T0,Bd+P_nanopore_2_T0,Unknown,SYBR,27.96135,0.986596327128774,,Amp,FALSE,0,0,,,,,,
N3,FALSE,Bd+P_nanopore_3_T0,Bd+P_nanopore_3_T0,Unknown,SYBR,27.567087,0.9935495603108960,,Amp,FALSE,0,0,,,,,,
N4,FALSE,Bd+P_nanopore_4_T0,Bd+P_nanopore_4_T0,Unknown,SYBR,27.575893,0.9944268797823840,,Amp,FALSE,0,0,,,,,,
N5,FALSE,Bd+P_nanopore_5_T0,Bd+P_nanopore_5_T0,Unknown,SYBR,27.694494,0.9936737546680290,,Amp,FALSE,0,0,,,,,,
N6,FALSE,Bd+P_nanopore_6_T0,Bd+P_nanopore_6_T0,Unknown,SYBR,27.714832,0.9912501248550500,,Amp,FALSE,0,0,,,,,,
N7,FALSE,Bd+P_nanopore_7_T0,Bd+P_nanopore_7_T0,Unknown,SYBR,27.705067,0.9919767034547160,,Amp,FALSE,0,0,,,,,,
N8,FALSE,Bd+P_nanopore_8_T0,Bd+P_nanopore_8_T0,Unknown,SYBR,27.804853,0.9880752520137760,,Amp,FALSE,0,0,,,,,,
N9,FALSE,Bd+P_nanopore_9_T0,Bd+P_nanopore_9_T0,Unknown,SYBR,27.51213,0.9898501362987710,,Amp,FALSE,0,0,,,,,,
N10,FALSE,Bd+P_nanopore_10_T0,Bd+P_nanopore_10_T0,Unknown,SYBR,27.755919,0.991061781718795,,Amp,FALSE,0,0,,,,,,
N11,FALSE,Bd+P_nanopore_11_T0,Bd+P_nanopore_11_T0,Unknown,SYBR,27.780739,0.9933227322233890,,Amp,FALSE,0,0,,,,,,
N12,FALSE,Bd+P_nanopore_12_T0,Bd+P_nanopore_12_T0,Unknown,SYBR,27.563694,0.9934759340785130,,Amp,FALSE,0,0,,,,,,
N13,FALSE,Bd+P_nanopore_1_T12,Bd+P_nanopore_1_T12,Unknown,SYBR,25.1112,0.5282673429842030,,Amp,FALSE,0,0,,,,,,
N14,FALSE,Bd+P_nanopore_2_T12,Bd+P_nanopore_2_T12,Unknown,SYBR,23.947155,0.2573329990687620,,Amp,FALSE,0,0,,,,,,
N15,FALSE,Bd+P_nanopore_3_T12,Bd+P_nanopore_3_T12,Unknown,SYBR,23.191195,0.07633157380122380,,Amp,FALSE,0,0,,,,,,
N16,FALSE,Bd+P_nanopore_4_T12,Bd+P_nanopore_4_T12,Unknown,SYBR,25.916475,0.7173719053193920,,Amp,FALSE,0,0,,,,,,
N17,FALSE,Bd+P_nanopore_5_T12,Bd+P_nanopore_5_T12,Unknown,SYBR,23.791237,0.18221951805571700,,Amp,FALSE,0,0,,,,,,
N18,FALSE,Bd+P_nanopore_6_T12,Bd+P_nanopore_6_T12,Unknown,SYBR,23.574015,0.1054078475559010,,Amp,FALSE,0,0,,,,,,
N19,FALSE,Bd+P_nanopore_7_T12,Bd+P_nanopore_7_T12,Unknown,SYBR,23.34396,0.1168751783615130,,Amp,FALSE,0,0,,,,,,
N20,FALSE,Bd+P_nanopore_8_T12,Bd+P_nanopore_8_T12,Unknown,SYBR,25.353155,0.4826231865773110,,Amp,FALSE,0,0,,,,,,
N21,FALSE,Bd+P_nanopore_9_T12,Bd+P_nanopore_9_T12,Unknown,SYBR,24.74706,0.40171019889284800,,Amp,FALSE,0,0,,,,,,
N22,FALSE,Bd+P_nanopore_10_T12,Bd+P_nanopore_10_T12,Unknown,SYBR,23.736624,0.12364135747869300,,Amp,FALSE,0,0,,,,,,
N23,FALSE,Bd+P_nanopore_11_T12,Bd+P_nanopore_11_T12,Unknown,SYBR,25.901783,0.692315994999458,,Amp,FALSE,0,0,,,,,,
N24,FALSE,Bd+P_nanopore_12_T12,Bd+P_nanopore_12_T12,Unknown,SYBR,25.162035,0.47781045031513700,,Amp,FALSE,0,0,,,,,,
O1,FALSE,Bd+P_nanopore_13_T0,Bd+P_nanopore_13_T0,Unknown,SYBR,27.71535,0.9863440272272760,,Amp,FALSE,0,0,,,,,,
O2,FALSE,Bd+P_nanopore_14_T0,Bd+P_nanopore_14_T0,Unknown,SYBR,27.61034,0.98521103653911,,Amp,FALSE,0,0,,,,,,
O3,FALSE,Bd+P_nanopore_15_T0,Bd+P_nanopore_15_T0,Unknown,SYBR,28.132593,0.9296362749781990,,Amp,FALSE,0,0,,,,,,
O4,FALSE,Bd+P_nanopore_16_T0,Bd+P_nanopore_16_T0,Unknown,SYBR,27.735746,0.98842987723615,,Amp,FALSE,0,0,,,,,,
O5,FALSE,Bd+P_nanopore_17_T0,Bd+P_nanopore_17_T0,Unknown,SYBR,27.425415,0.9891127764491780,,Amp,FALSE,0,0,,,,,,
O6,FALSE,Bd+P_nanopore_18_T0,Bd+P_nanopore_18_T0,Unknown,SYBR,27.381773,0.9922379657429660,,Amp,FALSE,0,0,,,,,,
O7,FALSE,Bd+P_nanopore_19_T0,Bd+P_nanopore_19_T0,Unknown,SYBR,27.881147,0.963336546748881,,Amp,FALSE,0,0,,,,,,
O8,FALSE,Bd+P_nanopore_20_T0,Bd+P_nanopore_20_T0,Unknown,SYBR,27.532175,0.9927778065443230,,Amp,FALSE,0,0,,,,,,
O9,FALSE,Bd+P_nanopore_21_T0,Bd+P_nanopore_21_T0,Unknown,SYBR,28.18762,0.9325680086690600,,Amp,FALSE,0,0,,,,,,
O10,FALSE,Bd+P_nanopore_22_T0,Bd+P_nanopore_22_T0,Unknown,SYBR,27.794893,0.9181631779722210,,Amp,FALSE,0,0,,,,,,
O11,FALSE,Bd+P_nanopore_23_T0,Bd+P_nanopore_23_T0,Unknown,SYBR,28.018858,0.9899225560639910,,Amp,FALSE,0,0,,,,,,
O12,FALSE,Bd+P_nanopore_24_T0,Bd+P_nanopore_24_T0,Unknown,SYBR,27.713558,0.9905484086312740,,Amp,FALSE,0,0,,,,,,
O13,FALSE,Bd+P_nanopore_13_T12,Bd+P_nanopore_13_T12,Unknown,SYBR,23.886703,0.20214045068264300,,Amp,FALSE,0,0,,,,,,
O14,FALSE,Bd+P_nanopore_14_T12,Bd+P_nanopore_14_T12,Unknown,SYBR,23.034048,0.10130384941449400,,Amp,FALSE,0,0,,,,,,
O15,FALSE,Bd+P_nanopore_15_T12,Bd+P_nanopore_15_T12,Unknown,SYBR,24.377806,0.2646488114636720,,Amp,FALSE,0,0,,,,,,
O16,FALSE,Bd+P_nanopore_16_T12,Bd+P_nanopore_16_T12,Unknown,SYBR,23.829355,0.14261580583124400,,Amp,FALSE,0,0,,,,,,
O17,FALSE,Bd+P_nanopore_17_T12,Bd+P_nanopore_17_T12,Unknown,SYBR,23.735008,0.10038477641244800,,Amp,FALSE,0,0,,,,,,
O18,FALSE,Bd+P_nanopore_18_T12,Bd+P_nanopore_18_T12,Unknown,SYBR,25.099659,0.4487225268277970,,Amp,FALSE,0,0,,,,,,
O19,FALSE,Bd+P_nanopore_19_T12,Bd+P_nanopore_19_T12,Unknown,SYBR,23.89985,0.19873185660166700,,Amp,FALSE,0,0,,,,,,
O20,FALSE,Bd+P_nanopore_20_T12,Bd+P_nanopore_20_T12,Unknown,SYBR,23.625364,0.150410665192699,,Amp,FALSE,0,0,,,,,,
O21,FALSE,Bd+P_nanopore_21_T12,Bd+P_nanopore_21_T12,Unknown,SYBR,23.886555,0.12496904416787000,,Amp,FALSE,0,0,,,,,,
O22,FALSE,Bd+P_nanopore_22_T12,Bd+P_nanopore_22_T12,Unknown,SYBR,25.65721,0.5742405687818970,,Amp,FALSE,0,0,,,,,,
O23,FALSE,Bd+P_nanopore_23_T12,Bd+P_nanopore_23_T12,Unknown,SYBR,24.202738,0.23006643862560000,,Amp,FALSE,0,0,,,,,,
O24,FALSE,Bd+P_nanopore_24_T12,Bd+P_nanopore_24_T12,Unknown,SYBR,26.43324,0.8407327651314130,,Amp,FALSE,0,0,,,,,,
P1,FALSE,Bd+P_nanopore_13_T0,Bd+P_nanopore_13_T0,Unknown,SYBR,27.606752,0.9827543006433360,,Amp,FALSE,0,0,,,,,,
P2,FALSE,Bd+P_nanopore_14_T0,Bd+P_nanopore_14_T0,Unknown,SYBR,27.567665,0.9852653762222180,,Amp,FALSE,0,0,,,,,,
P3,FALSE,Bd+P_nanopore_15_T0,Bd+P_nanopore_15_T0,Unknown,SYBR,27.596983,0.9921244185406460,,Amp,FALSE,0,0,,,,,,
P4,FALSE,Bd+P_nanopore_16_T0,Bd+P_nanopore_16_T0,Unknown,SYBR,27.690945,0.9885150426585090,,Amp,FALSE,0,0,,,,,,
P5,FALSE,Bd+P_nanopore_17_T0,Bd+P_nanopore_17_T0,Unknown,SYBR,27.730026,0.9167470804612140,,Amp,FALSE,0,0,,,,,,
P6,FALSE,Bd+P_nanopore_18_T0,Bd+P_nanopore_18_T0,Unknown,SYBR,27.250204,0.989852477687304,,Amp,FALSE,0,0,,,,,,
P7,FALSE,Bd+P_nanopore_19_T0,Bd+P_nanopore_19_T0,Unknown,SYBR,27.547829,0.9921338682362130,,Amp,FALSE,0,0,,,,,,
P8,FALSE,Bd+P_nanopore_20_T0,Bd+P_nanopore_20_T0,Unknown,SYBR,27.600307,0.9935222824586560,,Amp,FALSE,0,0,,,,,,
P9,FALSE,Bd+P_nanopore_21_T0,Bd+P_nanopore_21_T0,Unknown,SYBR,27.342886,0.9899350640366470,,Amp,FALSE,0,0,,,,,,
P10,FALSE,Bd+P_nanopore_22_T0,Bd+P_nanopore_22_T0,Unknown,SYBR,27.577723,0.9874001053625560,,Amp,FALSE,0,0,,,,,,
P11,FALSE,Bd+P_nanopore_23_T0,Bd+P_nanopore_23_T0,Unknown,SYBR,28.139465,0.9276551215323870,,Amp,FALSE,0,0,,,,,,
P12,FALSE,Bd+P_nanopore_24_T0,Bd+P_nanopore_24_T0,Unknown,SYBR,27.40665,0.9891972015406420,,Amp,FALSE,0,0,,,,,,
P13,FALSE,Bd+P_nanopore_13_T12,Bd+P_nanopore_13_T12,Unknown,SYBR,23.568865,0.216781466020841,,Amp,FALSE,0,0,,,,,,
P14,FALSE,Bd+P_nanopore_14_T12,Bd+P_nanopore_14_T12,Unknown,SYBR,25.931995,0.7586840145094810,,Amp,FALSE,0,0,,,,,,
P15,FALSE,Bd+P_nanopore_15_T12,Bd+P_nanopore_15_T12,Unknown,SYBR,21.549135,0,,Amp,FALSE,0,0,,,,,,
P16,FALSE,Bd+P_nanopore_16_T12,Bd+P_nanopore_16_T12,Unknown,SYBR,24.676338,0.36041308752878600,,Amp,FALSE,0,0,,,,,,
P17,FALSE,Bd+P_nanopore_17_T12,Bd+P_nanopore_17_T12,Unknown,SYBR,21.815176,0,,Amp,FALSE,0,0,,,,,,
P18,FALSE,Bd+P_nanopore_18_T12,Bd+P_nanopore_18_T12,Unknown,SYBR,28.360308,0.8499399569876870,,Amp,FALSE,0,0,,,,,,
P19,FALSE,Bd+P_nanopore_19_T12,Bd+P_nanopore_19_T12,Unknown,SYBR,26.994026,0.9460075804997200,,Amp,FALSE,0,0,,,,,,
P20,FALSE,Bd+P_nanopore_20_T12,Bd+P_nanopore_20_T12,Unknown,SYBR,23.384348,0.12402369154221300,,Amp,FALSE,0,0,,,,,,
P21,FALSE,Bd+P_nanopore_21_T12,Bd+P_nanopore_21_T12,Unknown,SYBR,25.74668,0.6811534807350580,,Amp,FALSE,0,0,,,,,,
P22,FALSE,Bd+P_nanopore_22_T12,Bd+P_nanopore_22_T12,Unknown,SYBR,25.972303,0.7397824166760220,,Amp,FALSE,0,0,,,,,,
P23,FALSE,Bd+P_nanopore_23_T12,Bd+P_nanopore_23_T12,Unknown,SYBR,24.345255,0.2820748560440320,,Amp,FALSE,0,0,,,,,,
P24,FALSE,Bd+P_nanopore_24_T12,Bd+P_nanopore_24_T12,Unknown,SYBR,26.914518,0.8723107308399370,,Amp,FALSE,0,0,,,,,,