Well,Omit,Sample,Target,Task,Dyes,Cq,Cq Conf,Amp Score,Amp Status,Annotated,Baseline Start,Baseline End,,,,,
A1,FALSE,Bv_1_T24,Target 1,Unknown,SYBR,Undetermined,0,,No Amp,FALSE,0,0,,,,,
A2,FALSE,Bv_2_T24,Target 1,Unknown,SYBR,Undetermined,0,,No Amp,FALSE,0,0,,,,,
A3,FALSE,Bv_3_T24,Target 1,Unknown,SYBR,Undetermined,0,,No Amp,FALSE,0,0,,,,,
A4,FALSE,Bd_1_T24,Target 1,Unknown,SYBR,Undetermined,0,,No Amp,FALSE,0,0,,,,,
A5,FALSE,Bd_2_T24,Target 1,Unknown,SYBR,Undetermined,0,,No Amp,FALSE,0,0,,,,,
A6,FALSE,Bd_3_T24,Target 1,Unknown,SYBR,Undetermined,0,,No Amp,FALSE,0,0,,,,,
A7,FALSE,Bv+P_1_T24,Target 1,Unknown,SYBR,20.864822,0,,Amp,FALSE,0,0,,,,,
A8,FALSE,Bv+P_2_T24,Target 1,Unknown,SYBR,23.431976,0.04925204462271500,,Amp,FALSE,0,0,,,,,
A9,FALSE,Bv+P_3_T24,Target 1,Unknown,SYBR,25.583702,0.5356420973315790,,Amp,FALSE,0,0,,,,,
A10,FALSE,Bd+P_1_T24,Target 1,Unknown,SYBR,23.612736,0.14391201991962400,,Amp,FALSE,0,0,,,,,
A11,FALSE,Bd+P_2_T24,Target 1,Unknown,SYBR,28.571127,0.929721397917581,,Amp,FALSE,0,0,,,,,
A12,FALSE,Bd+P_3_T24,Target 1,Unknown,SYBR,24.996721,0.33481788378301200,,Amp,FALSE,0,0,,,,,
A13,FALSE,Bv_1_T36,Target 1,Unknown,SYBR,Undetermined,0,,No Amp,FALSE,0,0,,,,,
A14,FALSE,Bv_2_T36,Target 1,Unknown,SYBR,Undetermined,0,,No Amp,FALSE,0,0,,,,,
A15,FALSE,Bv_3_T36,Target 1,Unknown,SYBR,Undetermined,0,,No Amp,FALSE,0,0,,,,,
A16,FALSE,Bd_1_T36,Target 1,Unknown,SYBR,Undetermined,0,,No Amp,FALSE,0,0,,,,,
A17,FALSE,Bd_2_T36,Target 1,Unknown,SYBR,Undetermined,0,,No Amp,FALSE,0,0,,,,,
A18,FALSE,Bd_3_T36,Target 1,Unknown,SYBR,Undetermined,0,,No Amp,FALSE,0,0,,,,,
A19,FALSE,Bv+P_1_T36,Target 1,Unknown,SYBR,24.293238,0.13230037506958500,,Amp,FALSE,0,0,,,,,
A20,FALSE,Bv+P_2_T36,Target 1,Unknown,SYBR,24.050165,0.17109042606795900,,Amp,FALSE,0,0,,,,,
A21,FALSE,Bv+P_3_T36,Target 1,Unknown,SYBR,23.586184,0.0632513298618411,,Amp,FALSE,0,0,,,,,
A22,FALSE,Bd+P_1_T36,Target 1,Unknown,SYBR,19.889936,0,,Amp,FALSE,0,0,,,,,
A23,FALSE,Bd+P_2_T36,Target 1,Unknown,SYBR,20.247288,0,,Amp,FALSE,0,0,,,,,
A24,FALSE,Bd+P_3_T36,Target 1,Unknown,SYBR,17.847746,0,,Amp,FALSE,0,0,,,,,
B1,FALSE,Bv_1_T24,Target 1,Unknown,SYBR,Undetermined,0,,No Amp,FALSE,0,0,,,,,
B2,FALSE,Bv_2_T24,Target 1,Unknown,SYBR,Undetermined,0,,No Amp,FALSE,0,0,,,,,
B3,FALSE,Bv_3_T24,Target 1,Unknown,SYBR,Undetermined,0,,No Amp,FALSE,0,0,,,,,
B4,FALSE,Bd_1_T24,Target 1,Unknown,SYBR,Undetermined,0,,No Amp,FALSE,0,0,,,,,
B5,FALSE,Bd_2_T24,Target 1,Unknown,SYBR,Undetermined,0,,No Amp,FALSE,0,0,,,,,
B6,FALSE,Bd_3_T24,Target 1,Unknown,SYBR,Undetermined,0,,No Amp,FALSE,0,0,,,,,
B7,FALSE,Bv+P_1_T24,Target 1,Unknown,SYBR,18.141047,0,,Amp,FALSE,0,0,,,,,
B8,FALSE,Bv+P_2_T24,Target 1,Unknown,SYBR,27.388117,0.9342625216286450,,Amp,FALSE,0,0,,,,,
B9,FALSE,Bv+P_3_T24,Target 1,Unknown,SYBR,24.517635,0.2957924137622420,,Amp,FALSE,0,0,,,,,
B10,FALSE,Bd+P_1_T24,Target 1,Unknown,SYBR,21.800837,0,,Amp,FALSE,0,0,,,,,
B11,FALSE,Bd+P_2_T24,Target 1,Unknown,SYBR,20.029503,0,,Amp,FALSE,0,0,,,,,
B12,FALSE,Bd+P_3_T24,Target 1,Unknown,SYBR,18.037006,0,,Amp,FALSE,0,0,,,,,
B13,FALSE,Bv_1_T36,Target 1,Unknown,SYBR,Undetermined,0,,No Amp,FALSE,0,0,,,,,
B14,FALSE,Bv_2_T36,Target 1,Unknown,SYBR,Undetermined,0,,No Amp,FALSE,0,0,,,,,
B15,FALSE,Bv_3_T36,Target 1,Unknown,SYBR,Undetermined,0,,No Amp,FALSE,0,0,,,,,
B16,FALSE,Bd_1_T36,Target 1,Unknown,SYBR,Undetermined,0,,No Amp,FALSE,0,0,,,,,
B17,FALSE,Bd_2_T36,Target 1,Unknown,SYBR,Undetermined,0,,No Amp,FALSE,0,0,,,,,
B18,FALSE,Bd_3_T36,Target 1,Unknown,SYBR,Undetermined,0,,No Amp,FALSE,0,0,,,,,
B19,FALSE,Bv+P_1_T36,Target 1,Unknown,SYBR,24.561047,0.26544617520570300,,Amp,FALSE,0,0,,,,,
B20,FALSE,Bv+P_2_T36,Target 1,Unknown,SYBR,25.399544,0.47812280846090400,,Amp,FALSE,0,0,,,,,
B21,FALSE,Bv+P_3_T36,Target 1,Unknown,SYBR,22.274578,0,,Amp,FALSE,0,0,,,,,
B22,FALSE,Bd+P_1_T36,Target 1,Unknown,SYBR,17.642685,0,,Amp,FALSE,0,0,,,,,
B23,FALSE,Bd+P_2_T36,Target 1,Unknown,SYBR,17.698189,0,,Amp,FALSE,0,0,,,,,
B24,FALSE,Bd+P_3_T36,Target 1,Unknown,SYBR,22.009775,0,,Amp,FALSE,0,0,,,,,
C1,FALSE,Bv+P_DNase_1_T24,Target 1,Unknown,SYBR,38.09738,0.3474614201797760,,No Amp,FALSE,0,0,,,,,
C2,FALSE,Bv+P_DNase_2_T24,Target 1,Unknown,SYBR,32.83428,0.7801607420040490,,No Amp,FALSE,0,0,,,,,
C3,FALSE,Bv+P_DNase_3_T24,Target 1,Unknown,SYBR,32.563686,0.5930375254254440,,No Amp,FALSE,0,0,,,,,
C4,FALSE,Bd+P_DNase_1_T24,Target 1,Unknown,SYBR,19.12232,0,,Amp,FALSE,0,0,,,,,
C5,FALSE,Bd+P_DNase_2_T24,Target 1,Unknown,SYBR,20.369911,0,,Amp,FALSE,0,0,,,,,
C6,FALSE,Bd+P_DNase_3_T24,Target 1,Unknown,SYBR,28.642496,0.598708084749663,,Amp,FALSE,0,0,,,,,
C7,FALSE,media_1_T24,Target 1,Unknown,SYBR,Undetermined,0,,No Amp,FALSE,0,0,,,,,
C8,FALSE,media_2_T24,Target 1,Unknown,SYBR,Undetermined,0,,No Amp,FALSE,0,0,,,,,
C9,FALSE,media_3_T24,Target 1,Unknown,SYBR,Undetermined,0,,No Amp,FALSE,0,0,,,,,
C10,FALSE,media+P_1_T24,Target 1,Unknown,SYBR,32.016064,0.9274754437080180,,Amp,FALSE,0,0,,,,,
C11,FALSE,media+P_2_T24,Target 1,Unknown,SYBR,31.337109,0.9520706537712400,,Amp,FALSE,0,0,,,,,
C12,FALSE,media+P_3_T24,Target 1,Unknown,SYBR,31.89787,0.9841050011695590,,Amp,FALSE,0,0,,,,,
C13,FALSE,Bv+P_DNase_1_T36,Target 1,Unknown,SYBR,32.398575,0.262550168378292,,No Amp,FALSE,0,0,,,,,
C14,FALSE,Bv+P_DNase_2_T36,Target 1,Unknown,SYBR,33.066532,0.39948379357835300,,No Amp,FALSE,0,0,,,,,
C15,FALSE,Bv+P_DNase_3_T36,Target 1,Unknown,SYBR,Undetermined,0,,No Amp,FALSE,0,0,,,,,
C16,FALSE,Bd+P_DNase_1_T36,Target 1,Unknown,SYBR,21.35131,0,,Amp,FALSE,0,0,,,,,
C17,FALSE,Bd+P_DNase_2_T36,Target 1,Unknown,SYBR,19.020546,0,,Amp,FALSE,0,0,,,,,
C18,FALSE,Bd+P_DNase_3_T36,Target 1,Unknown,SYBR,18.609896,0,,Amp,FALSE,0,0,,,,,
C19,FALSE,media_1_T36,Target 1,Unknown,SYBR,Undetermined,0,,No Amp,FALSE,0,0,,,,,
C20,FALSE,media_2_T36,Target 1,Unknown,SYBR,Undetermined,0,,No Amp,FALSE,0,0,,,,,
C21,FALSE,media_3_T36,Target 1,Unknown,SYBR,Undetermined,0,,No Amp,FALSE,0,0,,,,,
C22,FALSE,media+P_1_T36,Target 1,Unknown,SYBR,31.952597,0.9098379696228380,,Amp,FALSE,0,0,,,,,
C23,FALSE,media+P_2_T36,Target 1,Unknown,SYBR,30.643831,0.9119344848181220,,Amp,FALSE,0,0,,,,,
C24,FALSE,media+P_3_T36,Target 1,Unknown,SYBR,31.790007,0.9350911037119060,,Amp,FALSE,0,0,,,,,
D1,FALSE,Bv+P_DNase_1_T24,Target 1,Unknown,SYBR,33.071075,0.6265350824459620,,No Amp,FALSE,0,0,,,,,
D2,FALSE,Bv+P_DNase_2_T24,Target 1,Unknown,SYBR,33.330456,0.7616934140981630,,Amp,FALSE,0,0,,,,,
D3,FALSE,Bv+P_DNase_3_T24,Target 1,Unknown,SYBR,32.100983,0.6290860502033610,,No Amp,FALSE,0,0,,,,,
D4,FALSE,Bd+P_DNase_1_T24,Target 1,Unknown,SYBR,20.675259,0,,Amp,FALSE,0,0,,,,,
D5,FALSE,Bd+P_DNase_2_T24,Target 1,Unknown,SYBR,18.273623,0,,Amp,FALSE,0,0,,,,,
D6,FALSE,Bd+P_DNase_3_T24,Target 1,Unknown,SYBR,19.4993,0,,Amp,FALSE,0,0,,,,,
D7,FALSE,media_1_T24,Target 1,Unknown,SYBR,Undetermined,0,,No Amp,FALSE,0,0,,,,,
D8,FALSE,media_2_T24,Target 1,Unknown,SYBR,Undetermined,0,,No Amp,FALSE,0,0,,,,,
D9,FALSE,media_3_T24,Target 1,Unknown,SYBR,Undetermined,0,,No Amp,FALSE,0,0,,,,,
D10,FALSE,media+P_1_T24,Target 1,Unknown,SYBR,32.38334,0.8688149236027740,,Amp,FALSE,0,0,,,,,
D11,FALSE,media+P_2_T24,Target 1,Unknown,SYBR,31.476238,0.99165419482665,,Amp,FALSE,0,0,,,,,
D12,FALSE,media+P_3_T24,Target 1,Unknown,SYBR,31.836742,0.9837449560346670,,Amp,FALSE,0,0,,,,,
D13,FALSE,Bv+P_DNase_1_T36,Target 1,Unknown,SYBR,30.748846,0.026825922202277700,,No Amp,FALSE,0,0,,,,,
D14,FALSE,Bv+P_DNase_2_T36,Target 1,Unknown,SYBR,34.17658,0.7061477562573270,,No Amp,FALSE,0,0,,,,,
D15,FALSE,Bv+P_DNase_3_T36,Target 1,Unknown,SYBR,34.08058,0.43875653462463900,,No Amp,FALSE,0,0,,,,,
D16,FALSE,Bd+P_DNase_1_T36,Target 1,Unknown,SYBR,20.378946,0,,Amp,FALSE,0,0,,,,,
D17,FALSE,Bd+P_DNase_2_T36,Target 1,Unknown,SYBR,19.931799,0,,Amp,FALSE,0,0,,,,,
D18,FALSE,Bd+P_DNase_3_T36,Target 1,Unknown,SYBR,19.915829,0,,Amp,FALSE,0,0,,,,,
D19,FALSE,media_1_T36,Target 1,Unknown,SYBR,36.232525,0.9656062134487880,,Amp,FALSE,0,0,,,,,
D20,FALSE,media_2_T36,Target 1,Unknown,SYBR,Undetermined,0,,No Amp,FALSE,0,0,,,,,
D21,FALSE,media_3_T36,Target 1,Unknown,SYBR,38.26781,0.912830879403513,,Amp,FALSE,0,0,,,,,
D22,FALSE,media+P_1_T36,Target 1,Unknown,SYBR,31.41269,0.9829789820904250,,Amp,FALSE,0,0,,,,,
D23,FALSE,media+P_2_T36,Target 1,Unknown,SYBR,31.815216,0.9065960920189220,,Amp,FALSE,0,0,,,,,
D24,FALSE,media+P_3_T36,Target 1,Unknown,SYBR,32.12824,0.8831282930850280,,Amp,FALSE,0,0,,,,,
E1,FALSE,media+P_DNase_1_T24,Target 1,Unknown,SYBR,36.114426,0.7872363947605390,,Amp,FALSE,0,0,,,,,
E2,FALSE,media+P_DNase_2_T24,Target 1,Unknown,SYBR,28.720856,0.9549565388316950,,Amp,FALSE,0,0,,,,,
E3,FALSE,media+P_DNase_3_T24,Target 1,Unknown,SYBR,34.391514,0.9780040441213980,,Amp,FALSE,0,0,,,,,
E4,FALSE,Bv_sup_v_pel_1_T24,Target 1,Unknown,SYBR,Undetermined,0,,No Amp,FALSE,0,0,,,,,
E5,FALSE,Bv_sup_v_pel_2_T24,Target 1,Unknown,SYBR,Undetermined,0,,No Amp,FALSE,0,0,,,,,
E6,FALSE,Bv_sup_v_pel_3_T24,Target 1,Unknown,SYBR,Undetermined,0,,No Amp,FALSE,0,0,,,,,
E7,FALSE,Bv+P_sup_v_pel_1_T24,Target 1,Unknown,SYBR,22.249403,0,,Amp,FALSE,0,0,,,,,
E8,FALSE,Bv+P_sup_v_pel_2_T24,Target 1,Unknown,SYBR,23.652426,0.08232955462736420,,Amp,FALSE,0,0,,,,,
E9,FALSE,Bv+P_sup_v_pel_3_T24,Target 1,Unknown,SYBR,22.997587,0,,Amp,FALSE,0,0,,,,,
E10,FALSE,Bd_sup_v_pel_1_T24,Target 1,Unknown,SYBR,Undetermined,0,,No Amp,FALSE,0,0,,,,,
E11,FALSE,Bd_sup_v_pel_2_T24,Target 1,Unknown,SYBR,Undetermined,0,,No Amp,FALSE,0,0,,,,,
E12,FALSE,Bd_sup_v_pel_3_T24,Target 1,Unknown,SYBR,Undetermined,0,,No Amp,FALSE,0,0,,,,,
E13,FALSE,media+P_DNase_1_T36,Target 1,Unknown,SYBR,35.150097,0.9618702313034510,,Amp,FALSE,0,0,,,,,
E14,FALSE,media+P_DNase_2_T36,Target 1,Unknown,SYBR,27.845654,0.41778068476570800,,Amp,FALSE,0,0,,,,,
E15,FALSE,media+P_DNase_3_T36,Target 1,Unknown,SYBR,34.869553,0.9826897478245760,,Amp,FALSE,0,0,,,,,
E16,FALSE,Bv_sup_v_pel_1_T36,Target 1,Unknown,SYBR,Undetermined,0,,No Amp,FALSE,0,0,,,,,
E17,FALSE,Bv_sup_v_pel_2_T36,Target 1,Unknown,SYBR,Undetermined,0,,No Amp,FALSE,0,0,,,,,
E18,FALSE,Bv_sup_v_pel_3_T36,Target 1,Unknown,SYBR,Undetermined,0,,No Amp,FALSE,0,0,,,,,
E19,FALSE,Bv+P_sup_v_pel_1_T36,Target 1,Unknown,SYBR,21.524258,0,,Amp,FALSE,0,0,,,,,
E20,FALSE,Bv+P_sup_v_pel_2_T36,Target 1,Unknown,SYBR,21.259287,0,,Amp,FALSE,0,0,,,,,
E21,FALSE,Bv+P_sup_v_pel_3_T36,Target 1,Unknown,SYBR,20.70978,0,,Amp,FALSE,0,0,,,,,
E22,FALSE,Bd_sup_v_pel_1_T36,Target 1,Unknown,SYBR,Undetermined,0,,No Amp,FALSE,0,0,,,,,
E23,FALSE,Bd_sup_v_pel_2_T36,Target 1,Unknown,SYBR,Undetermined,0,,No Amp,FALSE,0,0,,,,,
E24,FALSE,Bd_sup_v_pel_3_T36,Target 1,Unknown,SYBR,Undetermined,0,,No Amp,FALSE,0,0,,,,,
F1,FALSE,media+P_DNase_1_T24,Target 1,Unknown,SYBR,34.974186,0.8642360469959310,,Amp,FALSE,0,0,,,,,
F2,FALSE,media+P_DNase_2_T24,Target 1,Unknown,SYBR,29.211536,0.9289359119274250,,Amp,FALSE,0,0,,,,,
F3,FALSE,media+P_DNase_3_T24,Target 1,Unknown,SYBR,35.10505,0.9614473561965700,,Amp,FALSE,0,0,,,,,
F4,FALSE,Bv_sup_v_pel_1_T24,Target 1,Unknown,SYBR,Undetermined,0,,No Amp,FALSE,0,0,,,,,
F5,FALSE,Bv_sup_v_pel_2_T24,Target 1,Unknown,SYBR,Undetermined,0,,No Amp,FALSE,0,0,,,,,
F6,FALSE,Bv_sup_v_pel_3_T24,Target 1,Unknown,SYBR,Undetermined,0,,No Amp,FALSE,0,0,,,,,
F7,FALSE,Bv+P_sup_v_pel_1_T24,Target 1,Unknown,SYBR,22.655336,0.04983279522736210,,Amp,FALSE,0,0,,,,,
F8,FALSE,Bv+P_sup_v_pel_2_T24,Target 1,Unknown,SYBR,23.72911,0.1495298250141040,,Amp,FALSE,0,0,,,,,
F9,FALSE,Bv+P_sup_v_pel_3_T24,Target 1,Unknown,SYBR,23.247515,0.08670024464564620,,Amp,FALSE,0,0,,,,,
F10,FALSE,Bd_sup_v_pel_1_T24,Target 1,Unknown,SYBR,Undetermined,0,,No Amp,FALSE,0,0,,,,,
F11,FALSE,Bd_sup_v_pel_2_T24,Target 1,Unknown,SYBR,Undetermined,0,,No Amp,FALSE,0,0,,,,,
F12,FALSE,Bd_sup_v_pel_3_T24,Target 1,Unknown,SYBR,Undetermined,0,,No Amp,FALSE,0,0,,,,,
F13,FALSE,media+P_DNase_1_T36,Target 1,Unknown,SYBR,35.549896,0.7464220671651560,,Amp,FALSE,0,0,,,,,
F14,FALSE,media+P_DNase_2_T36,Target 1,Unknown,SYBR,27.64041,0.27072011044933700,,Amp,FALSE,0,0,,,,,
F15,FALSE,media+P_DNase_3_T36,Target 1,Unknown,SYBR,35.05936,0.9632949811354980,,Amp,FALSE,0,0,,,,,
F16,FALSE,Bv_sup_v_pel_1_T36,Target 1,Unknown,SYBR,Undetermined,0,,No Amp,FALSE,0,0,,,,,
F17,FALSE,Bv_sup_v_pel_2_T36,Target 1,Unknown,SYBR,Undetermined,0,,No Amp,FALSE,0,0,,,,,
F18,FALSE,Bv_sup_v_pel_3_T36,Target 1,Unknown,SYBR,Undetermined,0,,No Amp,FALSE,0,0,,,,,
F19,FALSE,Bv+P_sup_v_pel_1_T36,Target 1,Unknown,SYBR,22.027138,0,,Amp,FALSE,0,0,,,,,
F20,FALSE,Bv+P_sup_v_pel_2_T36,Target 1,Unknown,SYBR,22.517323,0,,Amp,FALSE,0,0,,,,,
F21,FALSE,Bv+P_sup_v_pel_3_T36,Target 1,Unknown,SYBR,22.28967,0,,Amp,FALSE,0,0,,,,,
F22,FALSE,Bd_sup_v_pel_1_T36,Target 1,Unknown,SYBR,Undetermined,0,,No Amp,FALSE,0,0,,,,,
F23,FALSE,Bd_sup_v_pel_2_T36,Target 1,Unknown,SYBR,Undetermined,0,,No Amp,FALSE,0,0,,,,,
F24,FALSE,Bd_sup_v_pel_3_T36,Target 1,Unknown,SYBR,Undetermined,0,,No Amp,FALSE,0,0,,,,,
G1,FALSE,Bd+P_sup_v_pel_1_T24,Target 1,Unknown,SYBR,18.412722,0,,Amp,FALSE,0,0,,,,,
G2,FALSE,Bd+P_sup_v_pel_2_T24,Target 1,Unknown,SYBR,18.347383,0,,Amp,FALSE,0,0,,,,,
G3,FALSE,Bd+P_sup_v_pel_3_T24,Target 1,Unknown,SYBR,17.578672,0,,Amp,FALSE,0,0,,,,,
G4,FALSE,std_-2,Target 1,Unknown,SYBR,9.121387,0.9853501597672680,,Amp,FALSE,0,0,,,,,
G5,FALSE,std_-3,Target 1,Unknown,SYBR,12.940877,0.9904565103888370,,Amp,FALSE,0,0,,,,,
G6,FALSE,std_-4,Target 1,Unknown,SYBR,16.747025,0.9904862646846020,,Amp,FALSE,0,0,,,,,
G7,FALSE,std_-5,Target 1,Unknown,SYBR,21.168344,0.9884636190911190,,Amp,FALSE,0,0,,,,,
G8,FALSE,std_-6,Target 1,Unknown,SYBR,23.902662,0.9214271735069050,,Amp,FALSE,0,0,,,,,
G9,FALSE,std_-7,Target 1,Unknown,SYBR,28.976864,0.9948871506349820,,Amp,FALSE,0,0,,,,,
G10,FALSE,std_-8,Target 1,Unknown,SYBR,33.595932,0.986913187742447,,Amp,FALSE,0,0,,,,,
G11,FALSE,std_-9,Target 1,Unknown,SYBR,37.709534,0.9066891797499490,,No Amp,FALSE,0,0,,,,,
G12,FALSE,std_-10,Target 1,Unknown,SYBR,Undetermined,0,,No Amp,FALSE,0,0,,,,,
G13,FALSE,Bd+P_sup_v_pel_1_T36,Target 1,Unknown,SYBR,15.930927,0,,Amp,FALSE,0,0,,,,,
G14,FALSE,Bd+P_sup_v_pel_2_T36,Target 1,Unknown,SYBR,16.540747,0,,Amp,FALSE,0,0,,,,,
G15,FALSE,Bd+P_sup_v_pel_3_T36,Target 1,Unknown,SYBR,18.93761,0,,Amp,FALSE,0,0,,,,,
G16,FALSE,0,Target 1,Unknown,SYBR,35.058937,0.9658220507727380,,Amp,FALSE,0,0,,,,,
G17,FALSE,std_-11,Target 1,Unknown,SYBR,33.98172,0.9845383277322120,,Amp,FALSE,0,0,,,,,
G18,FALSE,std_-12,Target 1,Unknown,SYBR,35.47484,0.9048488342485880,,Amp,FALSE,0,0,,,,,
G19,FALSE,water,Target 1,Unknown,SYBR,7.8384104,0,,No Amp,FALSE,0,0,,,,,
G20,FALSE,0,Target 1,Unknown,SYBR,Undetermined,0,,No Amp,FALSE,0,0,,,,,
G21,FALSE,0,Target 1,Unknown,SYBR,31.153522,0,,No Amp,FALSE,0,0,,,,,
G22,FALSE,0,Target 1,Unknown,SYBR,Undetermined,0,,No Amp,FALSE,0,0,,,,,
G23,FALSE,0,Target 1,Unknown,SYBR,21.096027,0,,No Amp,FALSE,0,0,,,,,
G24,FALSE,0,Target 1,Unknown,SYBR,Undetermined,0,,No Amp,FALSE,0,0,,,,,
H1,FALSE,Bd+P_sup_v_pel_1_T24,Target 1,Unknown,SYBR,16.742111,0,,Amp,FALSE,0,0,,,,,
H2,FALSE,Bd+P_sup_v_pel_2_T24,Target 1,Unknown,SYBR,19.825077,0,,Amp,FALSE,0,0,,,,,
H3,FALSE,Bd+P_sup_v_pel_3_T24,Target 1,Unknown,SYBR,17.409706,0,,Amp,FALSE,0,0,,,,,
H4,FALSE,std_-2,Target 1,Unknown,SYBR,9.41602,0.9734830655223380,,Amp,FALSE,0,0,,,,,
H5,FALSE,std_-3,Target 1,Unknown,SYBR,12.22558,0.9843764444661570,,Amp,FALSE,0,0,,,,,
H6,FALSE,std_-4,Target 1,Unknown,SYBR,15.879751,0.9496303043540790,,Amp,FALSE,0,0,,,,,
H7,FALSE,std_-5,Target 1,Unknown,SYBR,21.20941,0.98887526814129,,Amp,FALSE,0,0,,,,,
H8,FALSE,std_-6,Target 1,Unknown,SYBR,25.572184,0.9231587679794220,,Amp,FALSE,0,0,,,,,
H9,FALSE,std_-7,Target 1,Unknown,SYBR,29.127157,0.9893410634420980,,Amp,FALSE,0,0,,,,,
H10,FALSE,std_-8,Target 1,Unknown,SYBR,31.433916,0.991435282632167,,Amp,FALSE,0,0,,,,,
H11,FALSE,std_-9,Target 1,Unknown,SYBR,33.13411,0.9892836329946060,,Amp,FALSE,0,0,,,,,
H12,FALSE,std_-10,Target 1,Unknown,SYBR,33.938393,0.9904888171977060,,Amp,FALSE,0,0,,,,,
H13,FALSE,Bd+P_sup_v_pel_1_T36,Target 1,Unknown,SYBR,17.187613,0,,Amp,FALSE,0,0,,,,,
H14,FALSE,Bd+P_sup_v_pel_2_T36,Target 1,Unknown,SYBR,17.097775,0,,Amp,FALSE,0,0,,,,,
H15,FALSE,Bd+P_sup_v_pel_3_T36,Target 1,Unknown,SYBR,16.681538,0,,Amp,FALSE,0,0,,,,,
H16,FALSE,0,Target 1,Unknown,SYBR,35.926388,0.9100296876342190,,Inconclusive,FALSE,0,0,,,,,
H17,FALSE,std_-11,Target 1,Unknown,SYBR,35.658592,0.973954432265038,,Amp,FALSE,0,0,,,,,
H18,FALSE,std_-12,Target 1,Unknown,SYBR,35.265503,0.9702038156649560,,Amp,FALSE,0,0,,,,,
H19,FALSE,water,Target 1,Unknown,SYBR,17.232134,0,,No Amp,FALSE,0,0,,,,,
H20,FALSE,0,Target 1,Unknown,SYBR,Undetermined,0,,No Amp,FALSE,0,0,,,,,
H21,FALSE,0,Target 1,Unknown,SYBR,Undetermined,0,,No Amp,FALSE,0,0,,,,,
H22,FALSE,0,Target 1,Unknown,SYBR,Undetermined,0,,No Amp,FALSE,0,0,,,,,
H23,FALSE,0,Target 1,Unknown,SYBR,28.051924,0,,No Amp,FALSE,0,0,,,,,
H24,FALSE,0,Target 1,Unknown,SYBR,9.992951,0,,No Amp,FALSE,0,0,,,,,
I1,FALSE,Bv+P_nanopore_1_T24,Target 1,Unknown,SYBR,20.089836,0,,Amp,FALSE,0,0,,,,,
I2,FALSE,Bv+P_nanopore_2_T24,Target 1,Unknown,SYBR,19.366266,0,,Amp,FALSE,0,0,,,,,
I3,FALSE,Bv+P_nanopore_3_T24,Target 1,Unknown,SYBR,19.018639,0,,Amp,FALSE,0,0,,,,,
I4,FALSE,Bv+P_nanopore_4_T24,Target 1,Unknown,SYBR,21.223558,0,,Amp,FALSE,0,0,,,,,
I5,FALSE,Bv+P_nanopore_5_T24,Target 1,Unknown,SYBR,19.633526,0,,Amp,FALSE,0,0,,,,,
I6,FALSE,Bv+P_nanopore_6_T24,Target 1,Unknown,SYBR,21.776205,0,,Amp,FALSE,0,0,,,,,
I7,FALSE,Bv+P_nanopore_7_T24,Target 1,Unknown,SYBR,19.79782,0,,Amp,FALSE,0,0,,,,,
I8,FALSE,Bv+P_nanopore_8_T24,Target 1,Unknown,SYBR,22.434958,0,,Amp,FALSE,0,0,,,,,
I9,FALSE,Bv+P_nanopore_9_T24,Target 1,Unknown,SYBR,22.770327,0,,Amp,FALSE,0,0,,,,,
I10,FALSE,Bv+P_nanopore_10_T24,Target 1,Unknown,SYBR,19.81215,0,,Amp,FALSE,0,0,,,,,
I11,FALSE,Bv+P_nanopore_11_T24,Target 1,Unknown,SYBR,21.68267,0,,Amp,FALSE,0,0,,,,,
I12,FALSE,Bv+P_nanopore_12_T24,Target 1,Unknown,SYBR,22.519665,0.015487564503062400,,Amp,FALSE,0,0,,,,,
I13,FALSE,Bv+P_nanopore_1_T36,Target 1,Unknown,SYBR,24.00146,0.19652410959149000,,Amp,FALSE,0,0,,,,,
I14,FALSE,Bv+P_nanopore_2_T36,Target 1,Unknown,SYBR,25.951815,0.6373811421863240,,Amp,FALSE,0,0,,,,,
I15,FALSE,Bv+P_nanopore_3_T36,Target 1,Unknown,SYBR,22.52315,0,,Amp,FALSE,0,0,,,,,
I16,FALSE,Bv+P_nanopore_4_T36,Target 1,Unknown,SYBR,21.720304,0,,Amp,FALSE,0,0,,,,,
I17,FALSE,Bv+P_nanopore_5_T36,Target 1,Unknown,SYBR,22.0165,0,,Amp,FALSE,0,0,,,,,
I18,FALSE,Bv+P_nanopore_6_T36,Target 1,Unknown,SYBR,21.00099,0,,Amp,FALSE,0,0,,,,,
I19,FALSE,Bv+P_nanopore_7_T36,Target 1,Unknown,SYBR,21.511042,0,,Amp,FALSE,0,0,,,,,
I20,FALSE,Bv+P_nanopore_8_T36,Target 1,Unknown,SYBR,22.774372,0,,Amp,FALSE,0,0,,,,,
I21,FALSE,Bv+P_nanopore_9_T36,Target 1,Unknown,SYBR,22.798925,0,,Amp,FALSE,0,0,,,,,
I22,FALSE,Bv+P_nanopore_10_T36,Target 1,Unknown,SYBR,19.234497,0,,Amp,FALSE,0,0,,,,,
I23,FALSE,Bv+P_nanopore_11_T36,Target 1,Unknown,SYBR,22.272789,0,,Amp,FALSE,0,0,,,,,
I24,FALSE,Bv+P_nanopore_12_T36,Target 1,Unknown,SYBR,23.56437,0.04368069128315900,,Amp,FALSE,0,0,,,,,
J1,FALSE,Bv+P_nanopore_1_T24,Target 1,Unknown,SYBR,20.644005,0,,Amp,FALSE,0,0,,,,,
J2,FALSE,Bv+P_nanopore_2_T24,Target 1,Unknown,SYBR,20.708092,0,,Amp,FALSE,0,0,,,,,
J3,FALSE,Bv+P_nanopore_3_T24,Target 1,Unknown,SYBR,20.348866,0,,Amp,FALSE,0,0,,,,,
J4,FALSE,Bv+P_nanopore_4_T24,Target 1,Unknown,SYBR,26.499723,0.8844312758987240,,Amp,FALSE,0,0,,,,,
J5,FALSE,Bv+P_nanopore_5_T24,Target 1,Unknown,SYBR,22.14092,0,,Amp,FALSE,0,0,,,,,
J6,FALSE,Bv+P_nanopore_6_T24,Target 1,Unknown,SYBR,22.281116,0,,Amp,FALSE,0,0,,,,,
J7,FALSE,Bv+P_nanopore_7_T24,Target 1,Unknown,SYBR,24.754389,0.22769249424809500,,Amp,FALSE,0,0,,,,,
J8,FALSE,Bv+P_nanopore_8_T24,Target 1,Unknown,SYBR,23.261978,0.06327396753136470,,Amp,FALSE,0,0,,,,,
J9,FALSE,Bv+P_nanopore_9_T24,Target 1,Unknown,SYBR,19.313822,0,,Amp,FALSE,0,0,,,,,
J10,FALSE,Bv+P_nanopore_10_T24,Target 1,Unknown,SYBR,21.89316,0,,Amp,FALSE,0,0,,,,,
J11,FALSE,Bv+P_nanopore_11_T24,Target 1,Unknown,SYBR,22.79761,0.012353468168108100,,Amp,FALSE,0,0,,,,,
J12,FALSE,Bv+P_nanopore_12_T24,Target 1,Unknown,SYBR,19.902721,0,,Amp,FALSE,0,0,,,,,
J13,FALSE,Bv+P_nanopore_1_T36,Target 1,Unknown,SYBR,25.260822,0.44306600224216200,,Amp,FALSE,0,0,,,,,
J14,FALSE,Bv+P_nanopore_2_T36,Target 1,Unknown,SYBR,25.176157,0.4435473518015360,,Amp,FALSE,0,0,,,,,
J15,FALSE,Bv+P_nanopore_3_T36,Target 1,Unknown,SYBR,22.453697,0,,Amp,FALSE,0,0,,,,,
J16,FALSE,Bv+P_nanopore_4_T36,Target 1,Unknown,SYBR,22.571234,0,,Amp,FALSE,0,0,,,,,
J17,FALSE,Bv+P_nanopore_5_T36,Target 1,Unknown,SYBR,21.960299,0,,Amp,FALSE,0,0,,,,,
J18,FALSE,Bv+P_nanopore_6_T36,Target 1,Unknown,SYBR,23.224518,0.0993367009017488,,Amp,FALSE,0,0,,,,,
J19,FALSE,Bv+P_nanopore_7_T36,Target 1,Unknown,SYBR,21.50877,0,,Amp,FALSE,0,0,,,,,
J20,FALSE,Bv+P_nanopore_8_T36,Target 1,Unknown,SYBR,22.767258,0,,Amp,FALSE,0,0,,,,,
J21,FALSE,Bv+P_nanopore_9_T36,Target 1,Unknown,SYBR,22.237904,0,,Amp,FALSE,0,0,,,,,
J22,FALSE,Bv+P_nanopore_10_T36,Target 1,Unknown,SYBR,23.074512,0,,Amp,FALSE,0,0,,,,,
J23,FALSE,Bv+P_nanopore_11_T36,Target 1,Unknown,SYBR,20.460083,0,,Amp,FALSE,0,0,,,,,
J24,FALSE,Bv+P_nanopore_12_T36,Target 1,Unknown,SYBR,22.650587,0.015138374456186200,,Amp,FALSE,0,0,,,,,
K1,FALSE,Bv+P_nanopore_13_T24,Target 1,Unknown,SYBR,24.062609,0.2510987906482970,,Amp,FALSE,0,0,,,,,
K2,FALSE,Bv+P_nanopore_14_T24,Target 1,Unknown,SYBR,23.075861,0.062404784115095000,,Amp,FALSE,0,0,,,,,
K3,FALSE,Bv+P_nanopore_15_T24,Target 1,Unknown,SYBR,21.919779,0,,Amp,FALSE,0,0,,,,,
K4,FALSE,Bv+P_nanopore_16_T24,Target 1,Unknown,SYBR,24.896097,0.41288478182307900,,Amp,FALSE,0,0,,,,,
K5,FALSE,Bv+P_nanopore_17_T24,Target 1,Unknown,SYBR,23.15235,0.04836166191889130,,Amp,FALSE,0,0,,,,,
K6,FALSE,Bv+P_nanopore_18_T24,Target 1,Unknown,SYBR,21.3583,0,,Amp,FALSE,0,0,,,,,
K7,FALSE,Bv+P_nanopore_19_T24,Target 1,Unknown,SYBR,19.858387,0,,Amp,FALSE,0,0,,,,,
K8,FALSE,Bv+P_nanopore_20_T24,Target 1,Unknown,SYBR,20.033861,0,,Amp,FALSE,0,0,,,,,
K9,FALSE,Bv+P_nanopore_21_T24,Target 1,Unknown,SYBR,22.62179,0.0026731473284973100,,Amp,FALSE,0,0,,,,,
K10,FALSE,Bv+P_nanopore_22_T24,Target 1,Unknown,SYBR,24.094183,0.19358346725574300,,Amp,FALSE,0,0,,,,,
K11,FALSE,Bv+P_nanopore_23_T24,Target 1,Unknown,SYBR,20.488537,0,,Amp,FALSE,0,0,,,,,
K12,FALSE,Bv+P_nanopore_24_T24,Target 1,Unknown,SYBR,21.0947,0,,Amp,FALSE,0,0,,,,,
K13,FALSE,Bv+P_nanopore_13_T36,Target 1,Unknown,SYBR,23.357542,0.019621923896490200,,Amp,FALSE,0,0,,,,,
K14,FALSE,Bv+P_nanopore_14_T36,Target 1,Unknown,SYBR,21.628584,0,,Amp,FALSE,0,0,,,,,
K15,FALSE,Bv+P_nanopore_15_T36,Target 1,Unknown,SYBR,20.92135,0,,Amp,FALSE,0,0,,,,,
K16,FALSE,Bv+P_nanopore_16_T36,Target 1,Unknown,SYBR,27.623312,0.9396560014288290,,Amp,FALSE,0,0,,,,,
K17,FALSE,Bv+P_nanopore_17_T36,Target 1,Unknown,SYBR,21.655823,0,,Amp,FALSE,0,0,,,,,
K18,FALSE,Bv+P_nanopore_18_T36,Target 1,Unknown,SYBR,24.00516,0.09477647533848090,,Amp,FALSE,0,0,,,,,
K19,FALSE,Bv+P_nanopore_19_T36,Target 1,Unknown,SYBR,21.914122,0,,Amp,FALSE,0,0,,,,,
K20,FALSE,Bv+P_nanopore_20_T36,Target 1,Unknown,SYBR,21.909369,0,,Amp,FALSE,0,0,,,,,
K21,FALSE,Bv+P_nanopore_21_T36,Target 1,Unknown,SYBR,22.548475,0,,Amp,FALSE,0,0,,,,,
K22,FALSE,Bv+P_nanopore_22_T36,Target 1,Unknown,SYBR,22.205505,0,,Amp,FALSE,0,0,,,,,
K23,FALSE,Bv+P_nanopore_23_T36,Target 1,Unknown,SYBR,24.24055,0.16275934593511,,Amp,FALSE,0,0,,,,,
K24,FALSE,Bv+P_nanopore_24_T36,Target 1,Unknown,SYBR,23.273043,0,,Amp,FALSE,0,0,,,,,
L1,FALSE,Bv+P_nanopore_13_T24,Target 1,Unknown,SYBR,24.053545,0.22758188283214700,,Amp,FALSE,0,0,,,,,
L2,FALSE,Bv+P_nanopore_14_T24,Target 1,Unknown,SYBR,22.840155,0.028334188950693200,,Amp,FALSE,0,0,,,,,
L3,FALSE,Bv+P_nanopore_15_T24,Target 1,Unknown,SYBR,21.176237,0,,Amp,FALSE,0,0,,,,,
L4,FALSE,Bv+P_nanopore_16_T24,Target 1,Unknown,SYBR,25.210363,0.4912742937431010,,Amp,FALSE,0,0,,,,,
L5,FALSE,Bv+P_nanopore_17_T24,Target 1,Unknown,SYBR,23.341785,0.05943522589058280,,Amp,FALSE,0,0,,,,,
L6,FALSE,Bv+P_nanopore_18_T24,Target 1,Unknown,SYBR,21.396582,0,,Amp,FALSE,0,0,,,,,
L7,FALSE,Bv+P_nanopore_19_T24,Target 1,Unknown,SYBR,21.146912,0,,Amp,FALSE,0,0,,,,,
L8,FALSE,Bv+P_nanopore_20_T24,Target 1,Unknown,SYBR,23.209923,0.055895916344566800,,Amp,FALSE,0,0,,,,,
L9,FALSE,Bv+P_nanopore_21_T24,Target 1,Unknown,SYBR,23.858032,0.14548630525400800,,Amp,FALSE,0,0,,,,,
L10,FALSE,Bv+P_nanopore_22_T24,Target 1,Unknown,SYBR,22.559807,0,,Amp,FALSE,0,0,,,,,
L11,FALSE,Bv+P_nanopore_23_T24,Target 1,Unknown,SYBR,20.99012,0,,Amp,FALSE,0,0,,,,,
L12,FALSE,Bv+P_nanopore_24_T24,Target 1,Unknown,SYBR,20.243986,0,,Amp,FALSE,0,0,,,,,
L13,FALSE,Bv+P_nanopore_13_T36,Target 1,Unknown,SYBR,25.228487,0.3142332118112080,,Amp,FALSE,0,0,,,,,
L14,FALSE,Bv+P_nanopore_14_T36,Target 1,Unknown,SYBR,21.228096,0,,Amp,FALSE,0,0,,,,,
L15,FALSE,Bv+P_nanopore_15_T36,Target 1,Unknown,SYBR,21.777578,0,,Amp,FALSE,0,0,,,,,
L16,FALSE,Bv+P_nanopore_16_T36,Target 1,Unknown,SYBR,25.29954,0.3838943263681400,,Amp,FALSE,0,0,,,,,
L17,FALSE,Bv+P_nanopore_17_T36,Target 1,Unknown,SYBR,22.921574,0,,Amp,FALSE,0,0,,,,,
L18,FALSE,Bv+P_nanopore_18_T36,Target 1,Unknown,SYBR,22.416634,0,,Amp,FALSE,0,0,,,,,
L19,FALSE,Bv+P_nanopore_19_T36,Target 1,Unknown,SYBR,24.349953,0.18890680536159100,,Amp,FALSE,0,0,,,,,
L20,FALSE,Bv+P_nanopore_20_T36,Target 1,Unknown,SYBR,23.756794,0.10817354870781600,,Amp,FALSE,0,0,,,,,
L21,FALSE,Bv+P_nanopore_21_T36,Target 1,Unknown,SYBR,22.344427,0,,Amp,FALSE,0,0,,,,,
L22,FALSE,Bv+P_nanopore_22_T36,Target 1,Unknown,SYBR,21.503153,0,,Amp,FALSE,0,0,,,,,
L23,FALSE,Bv+P_nanopore_23_T36,Target 1,Unknown,SYBR,24.025354,0.11741193518673100,,Amp,FALSE,0,0,,,,,
L24,FALSE,Bv+P_nanopore_24_T36,Target 1,Unknown,SYBR,23.224394,0.07956201118374520,,Amp,FALSE,0,0,,,,,
M1,FALSE,Bd+P_nanopore_1_T24,Target 1,Unknown,SYBR,18.822538,0,,Amp,FALSE,0,0,,,,,
M2,FALSE,Bd+P_nanopore_2_T24,Target 1,Unknown,SYBR,18.785954,0,,Amp,FALSE,0,0,,,,,
M3,FALSE,Bd+P_nanopore_3_T24,Target 1,Unknown,SYBR,19.208813,0,,Amp,FALSE,0,0,,,,,
M4,FALSE,Bd+P_nanopore_4_T24,Target 1,Unknown,SYBR,19.9923,0,,Amp,FALSE,0,0,,,,,
M5,FALSE,Bd+P_nanopore_5_T24,Target 1,Unknown,SYBR,20.754942,0,,Amp,FALSE,0,0,,,,,
M6,FALSE,Bd+P_nanopore_6_T24,Target 1,Unknown,SYBR,22.105356,0,,Amp,FALSE,0,0,,,,,
M7,FALSE,Bd+P_nanopore_7_T24,Target 1,Unknown,SYBR,23.250479,0.11708118270490300,,Amp,FALSE,0,0,,,,,
M8,FALSE,Bd+P_nanopore_8_T24,Target 1,Unknown,SYBR,26.283852,0.6644441447289520,,Amp,FALSE,0,0,,,,,
M9,FALSE,Bd+P_nanopore_9_T24,Target 1,Unknown,SYBR,23.349045,0.09241401138124550,,Amp,FALSE,0,0,,,,,
M10,FALSE,Bd+P_nanopore_10_T24,Target 1,Unknown,SYBR,27.072182,0.9470597203849200,,Amp,FALSE,0,0,,,,,
M11,FALSE,Bd+P_nanopore_11_T24,Target 1,Unknown,SYBR,25.616241,0.4645779960127270,,Amp,FALSE,0,0,,,,,
M12,FALSE,Bd+P_nanopore_12_T24,Target 1,Unknown,SYBR,23.822393,0.15094779243644700,,Amp,FALSE,0,0,,,,,
M13,FALSE,Bd+P_nanopore_1_T36,Target 1,Unknown,SYBR,17.289543,0,,Amp,FALSE,0,0,,,,,
M14,FALSE,Bd+P_nanopore_2_T36,Target 1,Unknown,SYBR,17.756083,0,,Amp,FALSE,0,0,,,,,
M15,FALSE,Bd+P_nanopore_3_T36,Target 1,Unknown,SYBR,16.588646,0,,Amp,FALSE,0,0,,,,,
M16,FALSE,Bd+P_nanopore_4_T36,Target 1,Unknown,SYBR,16.545153,0,,Amp,FALSE,0,0,,,,,
M17,FALSE,Bd+P_nanopore_5_T36,Target 1,Unknown,SYBR,17.808182,0,,Amp,FALSE,0,0,,,,,
M18,FALSE,Bd+P_nanopore_6_T36,Target 1,Unknown,SYBR,17.766926,0,,Amp,FALSE,0,0,,,,,
M19,FALSE,Bd+P_nanopore_7_T36,Target 1,Unknown,SYBR,17.016731,0,,Amp,FALSE,0,0,,,,,
M20,FALSE,Bd+P_nanopore_8_T36,Target 1,Unknown,SYBR,19.758087,0,,Amp,FALSE,0,0,,,,,
M21,FALSE,Bd+P_nanopore_9_T36,Target 1,Unknown,SYBR,17.111383,0,,Amp,FALSE,0,0,,,,,
M22,FALSE,Bd+P_nanopore_10_T36,Target 1,Unknown,SYBR,17.722826,0,,Amp,FALSE,0,0,,,,,
M23,FALSE,Bd+P_nanopore_11_T36,Target 1,Unknown,SYBR,18.799324,0,,Amp,FALSE,0,0,,,,,
M24,FALSE,Bd+P_nanopore_12_T36,Target 1,Unknown,SYBR,21.69666,0,,Amp,FALSE,0,0,,,,,
N1,FALSE,Bd+P_nanopore_1_T24,Target 1,Unknown,SYBR,20.396955,0,,Amp,FALSE,0,0,,,,,
N2,FALSE,Bd+P_nanopore_2_T24,Target 1,Unknown,SYBR,20.512514,0,,Amp,FALSE,0,0,,,,,
N3,FALSE,Bd+P_nanopore_3_T24,Target 1,Unknown,SYBR,22.231972,0,,Amp,FALSE,0,0,,,,,
N4,FALSE,Bd+P_nanopore_4_T24,Target 1,Unknown,SYBR,19.783901,0,,Amp,FALSE,0,0,,,,,
N5,FALSE,Bd+P_nanopore_5_T24,Target 1,Unknown,SYBR,19.73618,0,,Amp,FALSE,0,0,,,,,
N6,FALSE,Bd+P_nanopore_6_T24,Target 1,Unknown,SYBR,22.86786,0.029825527768605900,,Amp,FALSE,0,0,,,,,
N7,FALSE,Bd+P_nanopore_7_T24,Target 1,Unknown,SYBR,21.704174,0,,Amp,FALSE,0,0,,,,,
N8,FALSE,Bd+P_nanopore_8_T24,Target 1,Unknown,SYBR,22.004446,0,,Amp,FALSE,0,0,,,,,
N9,FALSE,Bd+P_nanopore_9_T24,Target 1,Unknown,SYBR,24.21615,0.21101336466800500,,Amp,FALSE,0,0,,,,,
N10,FALSE,Bd+P_nanopore_10_T24,Target 1,Unknown,SYBR,27.42163,0.945395676148508,,Amp,FALSE,0,0,,,,,
N11,FALSE,Bd+P_nanopore_11_T24,Target 1,Unknown,SYBR,25.070543,0.37806256709468000,,Amp,FALSE,0,0,,,,,
N12,FALSE,Bd+P_nanopore_12_T24,Target 1,Unknown,SYBR,22.30651,0,,Amp,FALSE,0,0,,,,,
N13,FALSE,Bd+P_nanopore_1_T36,Target 1,Unknown,SYBR,16.766428,0,,Amp,FALSE,0,0,,,,,
N14,FALSE,Bd+P_nanopore_2_T36,Target 1,Unknown,SYBR,19.380556,0,,Amp,FALSE,0,0,,,,,
N15,FALSE,Bd+P_nanopore_3_T36,Target 1,Unknown,SYBR,16.857794,0,,Amp,FALSE,0,0,,,,,
N16,FALSE,Bd+P_nanopore_4_T36,Target 1,Unknown,SYBR,19.128384,0,,Amp,FALSE,0,0,,,,,
N17,FALSE,Bd+P_nanopore_5_T36,Target 1,Unknown,SYBR,16.623034,0,,Amp,FALSE,0,0,,,,,
N18,FALSE,Bd+P_nanopore_6_T36,Target 1,Unknown,SYBR,18.153673,0,,Amp,FALSE,0,0,,,,,
N19,FALSE,Bd+P_nanopore_7_T36,Target 1,Unknown,SYBR,19.757853,0,,Amp,FALSE,0,0,,,,,
N20,FALSE,Bd+P_nanopore_8_T36,Target 1,Unknown,SYBR,19.363653,0,,Amp,FALSE,0,0,,,,,
N21,FALSE,Bd+P_nanopore_9_T36,Target 1,Unknown,SYBR,18.286394,0,,Amp,FALSE,0,0,,,,,
N22,FALSE,Bd+P_nanopore_10_T36,Target 1,Unknown,SYBR,18.034513,0,,Amp,FALSE,0,0,,,,,
N23,FALSE,Bd+P_nanopore_11_T36,Target 1,Unknown,SYBR,17.797018,0,,Amp,FALSE,0,0,,,,,
N24,FALSE,Bd+P_nanopore_12_T36,Target 1,Unknown,SYBR,22.23873,0,,Amp,FALSE,0,0,,,,,
O1,FALSE,Bd+P_nanopore_13_T24,Target 1,Unknown,SYBR,19.02198,0,,Amp,FALSE,0,0,,,,,
O2,FALSE,Bd+P_nanopore_14_T24,Target 1,Unknown,SYBR,21.241173,0,,Amp,FALSE,0,0,,,,,
O3,FALSE,Bd+P_nanopore_15_T24,Target 1,Unknown,SYBR,18.62245,0,,Amp,FALSE,0,0,,,,,
O4,FALSE,Bd+P_nanopore_16_T24,Target 1,Unknown,SYBR,21.0811,0,,Amp,FALSE,0,0,,,,,
O5,FALSE,Bd+P_nanopore_17_T24,Target 1,Unknown,SYBR,19.461294,0,,Amp,FALSE,0,0,,,,,
O6,FALSE,Bd+P_nanopore_18_T24,Target 1,Unknown,SYBR,21.878319,0,,Amp,FALSE,0,0,,,,,
O7,FALSE,Bd+P_nanopore_19_T24,Target 1,Unknown,SYBR,17.174517,0,,Amp,FALSE,0,0,,,,,
O8,FALSE,Bd+P_nanopore_20_T24,Target 1,Unknown,SYBR,21.618826,0,,Amp,FALSE,0,0,,,,,
O9,FALSE,Bd+P_nanopore_21_T24,Target 1,Unknown,SYBR,23.184559,0.10322401620354700,,Amp,FALSE,0,0,,,,,
O10,FALSE,Bd+P_nanopore_22_T24,Target 1,Unknown,SYBR,25.623184,0.6283818821772670,,Amp,FALSE,0,0,,,,,
O11,FALSE,Bd+P_nanopore_23_T24,Target 1,Unknown,SYBR,26.074417,0.6474808842943780,,Amp,FALSE,0,0,,,,,
O12,FALSE,Bd+P_nanopore_24_T24,Target 1,Unknown,SYBR,22.022785,0,,Amp,FALSE,0,0,,,,,
O13,FALSE,Bd+P_nanopore_13_T36,Target 1,Unknown,SYBR,16.935549,0,,Amp,FALSE,0,0,,,,,
O14,FALSE,Bd+P_nanopore_14_T36,Target 1,Unknown,SYBR,16.976854,0,,Amp,FALSE,0,0,,,,,
O15,FALSE,Bd+P_nanopore_15_T36,Target 1,Unknown,SYBR,16.666565,0,,Amp,FALSE,0,0,,,,,
O16,FALSE,Bd+P_nanopore_16_T36,Target 1,Unknown,SYBR,19.052837,0,,Amp,FALSE,0,0,,,,,
O17,FALSE,Bd+P_nanopore_17_T36,Target 1,Unknown,SYBR,17.02895,0,,Amp,FALSE,0,0,,,,,
O18,FALSE,Bd+P_nanopore_18_T36,Target 1,Unknown,SYBR,18.892014,0,,Amp,FALSE,0,0,,,,,
O19,FALSE,Bd+P_nanopore_19_T36,Target 1,Unknown,SYBR,17.315271,0,,Amp,FALSE,0,0,,,,,
O20,FALSE,Bd+P_nanopore_20_T36,Target 1,Unknown,SYBR,19.484228,0,,Amp,FALSE,0,0,,,,,
O21,FALSE,Bd+P_nanopore_21_T36,Target 1,Unknown,SYBR,17.302603,0,,Amp,FALSE,0,0,,,,,
O22,FALSE,Bd+P_nanopore_22_T36,Target 1,Unknown,SYBR,18.350355,0,,Amp,FALSE,0,0,,,,,
O23,FALSE,Bd+P_nanopore_23_T36,Target 1,Unknown,SYBR,18.581564,0,,Amp,FALSE,0,0,,,,,
O24,FALSE,Bd+P_nanopore_24_T36,Target 1,Unknown,SYBR,22.339922,0,,Amp,FALSE,0,0,,,,,
P1,FALSE,Bd+P_nanopore_13_T24,Target 1,Unknown,SYBR,22.74276,0,,Amp,FALSE,0,0,,,,,
P2,FALSE,Bd+P_nanopore_14_T24,Target 1,Unknown,SYBR,22.274567,0,,Amp,FALSE,0,0,,,,,
P3,FALSE,Bd+P_nanopore_15_T24,Target 1,Unknown,SYBR,21.05459,0,,Amp,FALSE,0,0,,,,,
P4,FALSE,Bd+P_nanopore_16_T24,Target 1,Unknown,SYBR,22.04935,0,,Amp,FALSE,0,0,,,,,
P5,FALSE,Bd+P_nanopore_17_T24,Target 1,Unknown,SYBR,23.203064,0.09165330575563630,,Amp,FALSE,0,0,,,,,
P6,FALSE,Bd+P_nanopore_18_T24,Target 1,Unknown,SYBR,21.766281,0,,Amp,FALSE,0,0,,,,,
P7,FALSE,Bd+P_nanopore_19_T24,Target 1,Unknown,SYBR,18.327862,0,,Amp,FALSE,0,0,,,,,
P8,FALSE,Bd+P_nanopore_20_T24,Target 1,Unknown,SYBR,22.172205,0,,Amp,FALSE,0,0,,,,,
P9,FALSE,Bd+P_nanopore_21_T24,Target 1,Unknown,SYBR,20.42436,0.2968088078961690,,Amp,FALSE,0,0,,,,,
P10,FALSE,Bd+P_nanopore_22_T24,Target 1,Unknown,SYBR,23.702831,0.170182050084891,,Amp,FALSE,0,0,,,,,
P11,FALSE,Bd+P_nanopore_23_T24,Target 1,Unknown,SYBR,26.692253,0.8193708451282450,,Amp,FALSE,0,0,,,,,
P12,FALSE,Bd+P_nanopore_24_T24,Target 1,Unknown,SYBR,23.46207,0.12320299140990100,,Amp,FALSE,0,0,,,,,
P13,FALSE,Bd+P_nanopore_13_T36,Target 1,Unknown,SYBR,18.872374,0,,Amp,FALSE,0,0,,,,,
P14,FALSE,Bd+P_nanopore_14_T36,Target 1,Unknown,SYBR,15.89914,0,,Amp,FALSE,0,0,,,,,
P15,FALSE,Bd+P_nanopore_15_T36,Target 1,Unknown,SYBR,18.688723,0,,Amp,FALSE,0,0,,,,,
P16,FALSE,Bd+P_nanopore_16_T36,Target 1,Unknown,SYBR,18.26891,0,,Amp,FALSE,0,0,,,,,
P17,FALSE,Bd+P_nanopore_17_T36,Target 1,Unknown,SYBR,18.612919,0,,Amp,FALSE,0,0,,,,,
P18,FALSE,Bd+P_nanopore_18_T36,Target 1,Unknown,SYBR,18.724306,0,,Amp,FALSE,0,0,,,,,
P19,FALSE,Bd+P_nanopore_19_T36,Target 1,Unknown,SYBR,19.469576,0,,Amp,FALSE,0,0,,,,,
P20,FALSE,Bd+P_nanopore_20_T36,Target 1,Unknown,SYBR,17.889265,0,,Amp,FALSE,0,0,,,,,
P21,FALSE,Bd+P_nanopore_21_T36,Target 1,Unknown,SYBR,18.709826,0,,Amp,FALSE,0,0,,,,,
P22,FALSE,Bd+P_nanopore_22_T36,Target 1,Unknown,SYBR,19.66865,0,,Amp,FALSE,0,0,,,,,
P23,FALSE,Bd+P_nanopore_23_T36,Target 1,Unknown,SYBR,18.807537,0,,Amp,FALSE,0,0,,,,,
P24,FALSE,Bd+P_nanopore_24_T36,Target 1,Unknown,SYBR,20.394434,0,,Amp,FALSE,0,0,,,,,